address,f1_contract_creation_time,f2_transaction_fee_spent_contract_creation,f3_percentage_gas_used_contract_creation,f4_gas_price_contract_creation,f5_first_contract_invoke_time,f6_last_contract_invoke_time,f7_active_duration,f8_total_invocations,f9_total_unique_invocations,f10_avg_gas_used_contract_invocations,f11_total_gas_price_contract_invocations,f12_avg_gas_price_contract_invocations,f13_total_tx_fee_contract_invocations,f14_avg_tx_fee_contract_invocations,f15_total_ether_contract_invocations,f16_average_ether_contract_invocations,f17_total_gas_used_contract_invocations,f18_avg_gas_used_contract_invocations,class
0x003eb9c77b5b896fcc27adead606d23def34510e,1636173593,3266079,100.0,72547219921,1636174226,1640401957,4227731,88,61,46096.0,10543273660407,119809927959.0,5322900,60487.0,0,0,4056463,46096.0,1
0x00bbd61f1f46bb2882e59af47b69dd7b501d5317,1599895831,1436718,100.0,77000000000,1600061504,1606645255,6583751,3,3,41178.0,196100000000,65366666666.0,182216,60738.0,0,0,123534,41178.0,1
0x0128e4fccf5ef86b030b28f0a8a029a3c5397a94,1598245046,3905623,66.66667520136991,63000000000,1598273279,1638516430,40243151,3159,1831,43217.0,538290501077085,170399019017.0,198252748,62758.0,102643703810000000000,32492467176321620,136525623,43217.0,1
0x0135c9a7bff72aa26e1d105ff5000e454e4dde7a,1538679649,2002904,85.02174842129229,41000000000,1538734262,1624903468,86169206,812,291,118913.0,17062958585000,21013495794.0,215890531,265875.0,181517977659053835437,223544307461888959,96558052,118913.0,1
0x016913ead5672f01de2043874e5c1cac5df608de,1582089609,520521,100.0,1000000000,1582090649,1634830631,52739982,648,304,40178.0,5142791470136,7936406589.0,44709838,68996.0,0,0,26035362,40178.0,1
0x02c60d28be3338014fef3fdf50a3218b946c0609,1538383196,165755,100.0,41000000000,1538385448,1548079089,9693641,1729,119,40916.0,23645848835535,13676025931.0,153033188,88509.0,318156712579456392125,184011979513855634,70744665,40916.0,1
0x02f4a464eebb46a50dd087074d7a2cf3f5a3598b,1519224020,1338259,100.0,2000000000,1519832143,1531091235,11259092,5,4,46411.0,25000000000,5000000000.0,1053914,210782.0,0,0,232055,46411.0,1
0x02fd82cba3bae39484d5eb7f75b5f3d5f418c691,1512483447,4161258,100.0,18100000000,1512865760,1544128376,31262616,145,88,41785.0,5947200000000,41015172413.0,19376343,133629.0,71950723345050000000,496211885138275862,6058963,41785.0,1
0x0513ce8013f27a47a0088ffaac94fbb0fe6309d8,1540030508,288909,100.0,4000000000,1540031854,1553072159,13040305,3,3,68509.0,14000000000,4666666666.0,289976,96658.0,20000000000000000,6666666666666666,205529,68509.0,1
0x064e2f3511f2399e86953de1acf54322bbdf9d2d,1538959892,1174170,100.0,3100000000,1544087839,1548864688,4776849,5,3,76352.0,22000000000,4400000000.0,7948306,1589661.0,204000000000000000,40800000000000000,381764,76352.0,1
0x0669398307efefb60030ff328a0cb6a3a840182c,1552046390,1744847,100.0,8000000000,1552046708,1555075010,3028302,42,11,44545.0,500733247232,11922220172.0,2726976,64928.0,87436305300125628000,2081816792860134000,1870931,44545.0,1
0x069a6761e9897ced3f5d13f4aa9ad745e526c913,1519303083,1338131,100.0,2000000000,1520102898,1529665345,9562447,5,4,46475.0,21000000000,4200000000.0,1054042,210808.0,0,0,232375,46475.0,1
0x06ad9bacc335d658550c3be1fd1a2972f0ed6efd,1594072927,864569,100.0,24000000000,1594073059,1597143751,3070692,7,8,42391.0,273999999998,39142857142.0,519086,74155.0,0,0,296738,42391.0,1
0x06c048c2afb355b22b76d73b4ec244a862e7e260,1535568931,4000000,6.970175000000001,2556000000,1545103751,1641301794,96198043,141,2,35055.0,16256477126896,115294164020.0,14250000,101063.0,0,0,4942768,35055.0,1
0x07faacbe52a8b5d3d22f49206bdd9d9c1f71991d,1519062964,1338195,100.0,2000000000,1519328580,1529613644,10285064,7,5,42668.0,64000000000,9142857142.0,1333914,190559.0,86235000000000000,12319285714285714,298677,42668.0,1
0x0913e0169f5129185c3934920d3cf6e5f56bd3be,1600504340,1438758,100.0,129000000000,1600578261,1601133232,554971,72,16,60990.0,14560727532981,202232326846.0,11125184,154516.0,0,0,4391308,60990.0,1
0x093fad33c3ff3534428fd18126235e1e44fa0d19,1607561733,320435,100.0,37000000000,1610634314,1614865402,4231088,61,2,66590.0,4746781140336,77816084267.0,8069854,132292.0,0,0,4061993,66590.0,1
0x096e0a00d6d18f68f6e3e88e3101bdd030252230,1604457741,628983,100.0,30000000000,1604457774,1620412563,15954789,146,50,42148.0,5564152524112,38110633726.0,7525822,51546.0,181000000000000000,1239726027397260,6153612,42148.0,1
0x09cc69f6b484cada8e152d2002adfca496d723f3,1520115414,1338387,100.0,1000000000,1520267343,1531087570,10820227,5,4,46449.0,31000000000,6200000000.0,1053914,210782.0,0,0,232247,46449.0,1
0x0Da4eB121142879Db7cB4bCA6693c94154D07339,1517045146,175000,92.36628571428572,2746582000,1519073988,1545804958,26730970,28,14,30590.0,647468635431,23123879836.0,1436764,51313.0,34090266520000000000,1217509518571428571,856530,30590.0,1
0x0a4a2413d7c604647c7788fd3564b3c54fe06763,1505048633,3000000,98.83143333333334,4000000000,1505389599,1513559936,8170337,34,15,958293.0,84100000000,2473529411.0,39000000,1147058.0,1450000000000000000,42647058823529411,32581974,958293.0,1
0x0a5723d1bc889d8f755eb36fcd60483cc8bcf203,1547772412,280000,99.8325,21000000000,1547985078,1562862552,14877474,23,2,30000.0,423000000000,18391304347.0,2070000,90000.0,0,0,690005,30000.0,1
0x0aabebdabc7640410af5d901d4e460f174a4c946,1623901514,1319228,100.0,15000000000,1623902033,1638537261,14635228,73,2,228560.0,8560515626357,117267337347.0,26181632,358652.0,0,0,16684923,228560.0,1
0x0b1f025593acd090a6c9b754e6e46acf88e89646,1519183653,1338067,100.0,1000000000,1519752646,1531089381,11336735,5,5,44732.0,28000000000,5600000000.0,1022989,204597.0,0,0,223660,44732.0,1
0x0bc529c00c6401aef6d220be8c6ea1667f6ad93e,1594972885,1506157,100.0,61000000000,1594986242,1595706057,719815,9999,3994,39979.0,706552199706770,70662286199.0,628951189,62901.0,4181476500000000000,418189468946894,399754844,39979.0,1
0x0bdd81d2a676166f2a28691e8af64ebeeca67fae,1520110618,1338259,100.0,1000000000,1520267271,1529611699,9344428,6,5,46282.0,27000000000,4500000000.0,1288402,214733.0,0,0,277695,46282.0,1
0x0c8b740e3377f2be7a108aeba6a2f660588c728d,1523956626,1949062,100.0,2000000000,1523977363,1524856521,879158,84,18,41107.0,1042100000000,12405952380.0,6339523,75470.0,198857299560000000000,2367348804285714285,3453070,41107.0,1
0x0cc4682b1465bd3bf3b9b13dbd310a1f37c7500d,1597932483,1207342,100.0,115000000000,1597932815,1597962473,29658,4,3,34355.0,397000000000,99250000000.0,210501,52625.0,0,0,137420,34355.0,1
0x0d4f74c538613ed6e6c8c1bc8896ecfd45f5ef23,1523604062,1949058,100.0,1000000000,1523673090,1523682675,9585,209,7,36578.0,333000000000,1593301435.0,11891425,56896.0,8156000000000000000,39023923444976076,7644850,36578.0,1
0x0d87ca679a7ab95598b34eb54dafc356b0373388,1520374886,1338195,100.0,2000000000,1520384651,1520384651,0,1,2,45576.0,4000000000,4000000000.0,250000,250000.0,0,0,45576,45576.0,1
0x0dc04198cd942b55a7d63f5c3891122b6fa277ea,1519062669,1338259,100.0,2000000000,1519752135,1529621089,9868954,7,5,46190.0,27000000000,3857142857.0,1553978,221996.0,0,0,323335,46190.0,1
0x0e29e5abbb5fd88e28b2d355774e73bd47de3bcd,1586881841,999999,95.1916951916952,5000000000,1586883697,1601820961,14937264,9999,4550,39607.0,2049928103529942,205013311684.0,714760998,71483.0,70594626980000000000,7060168714871487,396034789,39607.0,1
0x0f7a4c36b5ee28e581504e8dfa62fa83a11ca7a9,1520374753,1338259,100.0,2000000000,1520378550,1520378550,0,1,2,45576.0,4000000000,4000000000.0,250000,250000.0,0,0,45576,45576.0,1
0x0fd4e58abacbb7339695a3d8ef53dc9bead3d15e,1619716923,242948,100.0,102900000000,1621715692,1624155555,2439863,2,2,56389.0,53000000000,26500000000.0,215654,107827.0,0,0,112778,56389.0,1
0x11343194b9ba84c8e5629ffec4f604f410ed28fc,1596655991,3200000,34.23028125,70000000000,1596656119,1596659759,3640,42,25,64446.0,3140000000000,74761904761.0,8619003,205214.0,63099640841829844542,1502372400995948679,2706768,64446.0,1
0x113acf282eeb4d71bec61ad83e934bf75bf8253f,1608324255,2802589,100.0,31000000000,1608324437,1643012102,34687665,248,78,44943.0,18183185799919,73319297580.0,16103569,64933.0,0,0,11146050,44943.0,1
0x116574a18659f0063150e0064e4ea00349a1492c,1519063479,1338323,100.0,2000000000,1519386069,1531089481,11703412,5,4,46475.0,24000000000,4800000000.0,1053850,210770.0,0,0,232375,46475.0,1
0x125afed1eb0e75c20d919f875f0c952311a8af40,1601289723,1295558,100.0,113000000000,1601289954,1629518111,28228157,9,8,41267.0,999015049469,111001672163.0,565442,62826.0,0,0,371404,41267.0,1
0x12736c6b02381c3c50e41db3a69d7bb651a77d57,1520107827,1337939,100.0,2000000000,1520267032,1529500646,9233614,6,5,46271.0,28000000000,4666666666.0,1288402,214733.0,0,0,277631,46271.0,1
0x12b62fad1f5bac3e3653d05422c4816b91a438ad,1604777488,786362,100.0,58000000000,1604777566,1606570964,1793398,4,4,50531.0,160100000000,40025000000.0,345274,86318.0,3005000000000000000,751250000000000000,202124,50531.0,1
0x13afabf464f7d3e6c7cf0e685181d9da3935e01e,1536354809,148465,100.0,10000000000,1536357598,1539853813,3496215,118,11,43638.0,1257747381737,10658876116.0,14702283,124595.0,3923124188348389828,33246815155494829,5149312,43638.0,1
0x13d0f60b2aaaccbab97551219b16bc41dac84c5a,1598303728,527895,100.0,60000000000,1598319549,1599238843,919294,21,6,48154.0,2150000002918,102380952519.0,1618714,77081.0,15505000000000000000,738333333333333333,1011241,48154.0,1
0x1412eca9dc7daef60451e3155bb8dbf9da349933,1638112582,1582634,100.0,81161577293,1638113063,1643372490,5259427,500,185,400538.0,50526154405877,101052308811.0,229467686,458935.0,0,0,200269228,400538.0,1
0x14ec0cd2acee4ce37260b925f74648127a889a28,1612437725,3916354,91.80061352982902,120000000000,1612473160,1616805959,4332799,32,7,2941171.0,7888920001459,246528750045.0,126575065,3955470.0,387080842000000000000,12096276312500000000,94117485,2941171.0,1
0x15847dcd428033c2cc2cb70edf2cbd6c84afc146,1520375081,1338259,100.0,3000000000,1520387124,1520387124,0,1,2,45576.0,4000000000,4000000000.0,250000,250000.0,0,0,45576,45576.0,1
0x165b6749812900538402cd540c55be68411f8ea0,1594624670,1132868,100.0,51000000000,1594625119,1594631827,6708,9,4,34313.0,445919479408,49546608823.0,619872,68874.0,0,0,308820,34313.0,1
0x175e0d5f3757b066a6f0cf7634b45f3085cb490b,1520541929,1337619,100.0,2000000000,1521573601,1521644151,70550,2,3,48782.0,7000000000,3500000000.0,386477,193238.0,0,0,97565,48782.0,1
0x17d25a67781122e89bcaeba36a5c72a4aa809e4e,1588260073,5750000,50.30695652173913,16000000000,1588260184,1593013604,4753420,2958,23,167397.0,99560873129086,33658172119.0,3675446765,1242544.0,910210000000000000000,307711291413116970,495162027,167397.0,1
0x18e81898ac31a43850fb8d0224477349de6d8d9a,1520542477,1337619,100.0,2000000000,1521573465,1521631921,58456,2,3,48814.0,7000000000,3500000000.0,650000,325000.0,0,0,97629,48814.0,1
0x1982b0e96a0375e5b570e8e466d423a37af34b43,1519186314,1338515,100.0,1000000000,1519752775,1529668068,9915293,6,5,48761.0,21100000000,3516666666.0,1272925,212154.0,0,0,292567,48761.0,1
0x19fb7020381fe9197bf841d5034d5467fe5a3c93,1540100319,1267888,100.0,4000000000,1540120099,1590295010,50174911,88,12,47155.0,665150001152,7558522740.0,13490317,153299.0,0,0,4149649,47155.0,1
0x1a2c53d132ff8a6e26f6b32c0abdc179b94f0721,1519160037,1338795,100.0,1000000000,1519752347,1529662896,9910549,5,4,46462.0,19000000000,3800000000.0,1053978,210795.0,0,0,232311,46462.0,1
0x1abc65765fd0df7d997635ebe3027384bcf7923e,1513341080,175000,92.36628571428572,5250000000,1513947859,1539404525,25456666,18,10,30449.0,221500000000,12305555555.0,761178,42287.0,17005029436669316011,944723857592739778,548085,30449.0,1
0x1bd913bbade46bf5ad8b1e5d117701fbeb078228,1559505535,936750,100.0,10000000000,1559505751,1560891042,1385291,78,26,46386.0,937856447796,12023800612.0,4825120,61860.0,0,0,3618154,46386.0,1
0x1c0dffa23f342a62ace37bd4eede6180c40ccbec,1520115926,1338131,100.0,1000000000,1520267343,1531088196,10820853,5,4,46411.0,31000000000,6200000000.0,1038338,207667.0,0,0,232055,46411.0,1
0x1c0e294310091654beac3d191089d3c376be123f,1520540013,1337747,100.0,2000000000,1521574173,1521712368,138195,2,3,48814.0,7000000000,3500000000.0,401989,200994.0,0,0,97629,48814.0,1
0x1c3e61c8825bf58303b1ac3350843faa01de22bd,1636706563,1422767,100.0,103640510140,1636707173,1640391094,3683921,57,23,48612.0,7298411045752,128042299048.0,4021983,70561.0,0,0,2770899,48612.0,1
0x1ccd65d573057c388ea96cc8be30c18a6d21185d,1519087472,1338451,100.0,1000000000,1519385733,1529667614,10281881,7,5,44964.0,25000000000,3571428571.0,1440967,205852.0,0,0,314748,44964.0,1
0x1d64ea27764164debb4e891eb04d524f42904b08,1520541686,1337747,100.0,2000000000,1521573871,1558073563,36499692,3,4,44680.0,23099999744,7699999914.0,449345,149781.0,0,0,134042,44680.0,1
0x1d82886f997d0b124dfab342558bc463299c8a6b,1519188061,1338323,100.0,1000000000,1519759852,1529663397,9903545,7,5,46172.0,27000000000,3857142857.0,1538402,219771.0,0,0,323207,46172.0,1
0x1de23F02E185fDc4f6BACc98D6c6419370E38538,1504157503,2997046,76.64363509936118,60000000000,1504157807,1504265979,108172,30,29,138126.0,869000000000,28966666666.0,7839372,261312.0,180993906487643766504,6033130216254792216,4143805,138126.0,1
0x1de23f02e185fdc4f6bacc98d6c6419370e38538,1504157503,2997046,76.64363509936118,60000000000,1504157807,1504265979,108172,30,29,138126.0,869000000000,28966666666.0,7839372,261312.0,180993906487643766504,6033130216254792216,4143805,138126.0,1
0x1dea82c5628ae89572a153a556312832ee33fda9,1520118329,1339027,100.0,1000000000,1520267465,1531088572,10821107,6,6,43388.0,33000000000,5500000000.0,1090327,181721.0,0,0,260329,43388.0,1
0x1e18821e69b9faa8e6e75dffe54e7e25754beda0,1598959416,913259,100.0,467000000000,1598964162,1599124456,160294,9999,7454,40914.0,4678484540596413,467895243583.0,626620412,62668.0,0,0,409105399,40914.0,1
0x1ea3ecc937bae79353d198db2cdab1e5cbe625dd,1600581487,1438770,100.0,74000000000,1600582513,1604714726,4132213,55,16,290321.0,7579145714843,137802649360.0,22972320,417678.0,0,0,15967708,290321.0,1
0x203daffa152dafaf2a859029f729b364fc8540f8,1543584959,557805,100.0,20843750000,1543585132,1543585289,157,2,2,38733.0,40000000000,20000000000.0,116198,58099.0,0,0,77466,38733.0,1
0x20f1ce2ece9b82fbe501cf4ad62dd7f7dce52534,1594122214,1111275,100.0,38000000000,1594122469,1594127326,4857,3,4,44486.0,113000000000,37666666666.0,146802,48934.0,0,0,133458,44486.0,1
0x215ce36e90b1b64e6fa2e358305177f8fe5daf25,1539532422,3572492,86.13852739208373,3000000000,1539532635,1540264765,732130,9999,2192,63973.0,141339935829080,14135407123.0,2387419191,238765.0,10827138045061566940268,1082822086714828176,639675605,63973.0,1
0x219b9040eb7d8d8c2e8e84b87ce9ac1c83071980,1550763850,537005,100.0,20000000000,1551881007,1642406791,90525784,980,190,260009.0,12435710980567,12689501000.0,691047832,705150.0,0,0,254808882,260009.0,1
0x22cff91f77a2ed675f3ab4aee16e15b27f6f275c,1537905054,763621,100.0,13000000000,1537909051,1538337014,427963,438,148,52269.0,18161890000001,41465502283.0,64679145,147669.0,179077900000000000000,408853652968036529,22894138,52269.0,1
0x2306934ca884caa042dc595371003093092b2bbf,1600472288,832623,100.0,160000000000,1600472764,1639683210,39210446,537,67,47806.0,48268915448630,89886248507.0,39284223,73154.0,0,0,25671939,47806.0,1
0x248f50eab61ad11608fd07fb2188163fd2e0c5c6,1610024002,258224,100.0,100000001459,1611096551,1613845176,2748625,8,3,42677.0,1211600001123,151450000140.0,27322244,3415280.0,0,0,341419,42677.0,1
0x24ddd6e7d5cdc29251caa00e46c7f3c738a78070,1540900885,2178739,100.0,10000000000,1540902521,1541663790,761269,110,27,96360.0,1193000000000,10845454545.0,25295117,229955.0,29493218055106778087,268120164137334346,10599675,96360.0,1
0x24e3794605c84e580eea4972738d633e8a7127c8,1605196922,1461180,100.0,31000000000,1605561375,1643397802,37836427,7524,5617,42820.0,627058365921132,83341090632.0,458971696,61001.0,8154762160000000000,1083833354598617,322177870,42820.0,1
0x24f4a749095f9d8489090e0d369f8419e347b594,1604911953,1842314,100.0,33000001459,1604964523,1632923089,27958566,44,43,86891.0,1651119551133,37525444343.0,4581151,104117.0,66777005504730008042,1517659216016591091,3823226,86891.0,1
0x263855ebfe85a1532ffd3ef21dee111378be8514,1607369597,1304054,100.0,44005592742,1607369843,1612977988,5608145,3,4,41766.0,357000000000,119000000000.0,174864,58288.0,0,0,125299,41766.0,1
0x27f97bc09a4e28d5935a08e2810b3e3c94f04220,1601573313,2330238,100.0,165138767200,1601762424,1601980610,218186,761,543,86330.0,52329497180631,68764122444.0,267715664,351794.0,2655830000000000000000,3489921156373193166,65697376,86330.0,1
0x29bef3878b85522ef2afa541dd7477c9e0a2c122,1540489281,2000000,45.9391,7000000000,1540493025,1549800895,9307870,1354,153,46889.0,24618417613098,18181992328.0,249982649,184625.0,172478820912427817906,127384653554230293,63487916,46889.0,1
0x29cc635a3968beec56c6a3f5da1c033a18ee1571,1548574770,936754,100.0,3000000000,1548574820,1559044308,10469488,39,17,44619.0,307072002304,7873641084.0,2394090,61386.0,20670000000000000000,530000000000000000,1740175,44619.0,1
0x2Dc5616EC2b9D24906F0e11dC8D8a736392dFeDD,1525791989,2004222,100.0,4000000000,1525795225,1525856936,61711,24,5,40324.0,106000000000,4416666666.0,1508308,62846.0,22057000000000000000,919041666666666666,967792,40324.0,1
0x2abe6dbc3d9a3d731db69a23dfc58827c0447cb9,1549452970,1000000,68.18849999999999,20000000000,1549531202,1549557730,26528,7,4,40580.0,154000000000,22000000000.0,483131,69018.0,0,0,284065,40580.0,1
0x2b22b2c65b185182786f087c1a0035b5ed76bbb7,1535802105,830730,100.0,2500000000,1535837082,1540114865,4277783,11,2,44238.0,46200000000,4200000000.0,729925,66356.0,350000000000000000,31818181818181818,486620,44238.0,1
0x2b591e99afe9f32eaa6214f7b7629768c40eeb39,1575337828,5708380,100.0,10000000000,1575338536,1575424790,86254,9999,3861,104573.0,42309352487480,4231358384.0,1099742066,109985.0,21908911159535921409269,2191110226976289769,1045625774,104573.0,1
0x2bca419e570b1620b5e922fc005e806453affc83,1596119154,2179480,100.0,109500000000,1596120478,1596287669,167191,615,122,106253.0,47664160383146,77502699809.0,282102681,458703.0,0,0,65346049,106253.0,1
0x2cdb253c0e44a284f6174ae90b5ea247e6cf3649,1540819146,516182,100.0,10000000000,1540819830,1540907864,88034,340,139,105027.0,8127802500000,23905301470.0,111260649,327237.0,468861640626944757357,1379004825373366933,35709185,105027.0,1
0x2cedfa2a7f5e1102830b81759b95353c08973386,1600405206,2447774,100.0,280000000000,1600414679,1600426339,11660,9,6,115514.0,2298300000000,255366666666.0,3754512,417168.0,0,0,1039627,115514.0,1
0x2ceee24f8d03fc25648c68c8e6569aa0512f6ac3,1631714607,2843044,100.0,61831224414,1631798336,1643332530,11534194,249,136,647592.0,20334717065531,81665530383.0,424971330,1706712.0,100000000000000000,401606425702811,161250445,647592.0,1
0x2dc5616ec2b9d24906f0e11dc8d8a736392dfedd,1525791989,2004222,100.0,4000000000,1525795225,1525856936,61711,24,5,40324.0,106000000000,4416666666.0,1508308,62846.0,22057000000000000000,919041666666666666,967792,40324.0,1
0x2e43ebafe93b726e5b87916d00ea3827da897257,1608035895,2351599,100.0,100000000000,1608036774,1608166748,129974,8,7,42789.0,598540779111,74817597388.0,600233,75029.0,0,0,342316,42789.0,1
0x303f41f4e6a1e1fc9cc2738c722b73b3d9fe54cb,1519210969,1338731,100.0,2000000000,1519831423,1531089463,11258040,4,4,46667.0,22000000000,5500000000.0,803978,200994.0,0,0,186671,46667.0,1
0x30e06718d0fa16189f7b899e6f7c05a07a3fc83f,1596398345,1310908,100.0,40000000000,1596437218,1612813892,16376674,21,17,116810.0,2563000001459,122047619117.0,3217931,153234.0,249713845015590879279,11891135476932899013,2453018,116810.0,1
0x311c65dcbe025ead81cab2925b81489123ce2eda,1523093927,1107371,100.0,2000000000,1523096146,1524845774,1749628,25,15,55905.0,808000000000,32320000000.0,2797962,111918.0,38643330726000000000,1545733229040000000,1397644,55905.0,1
0x311f71389e3de68f7b2097ad02c6ad7b2dde4c71,1536004668,5000000,86.28126,3000000000,1536004914,1537206595,1201681,9999,1902,78011.0,123949865460444,12396226168.0,2930139593,293043.0,4944799897581862558659,494529442702456501,780037556,78011.0,1
0x31537238bb5b237254b629bf226b566c617f182b,1520392147,1338667,100.0,2000000000,1520393638,1520393638,0,1,2,45576.0,4000000000,4000000000.0,250000,250000.0,0,0,45576,45576.0,1
0x3383c5a8969dc413bfddc9656eb80a1408e4ba20,1601618788,5000000,19.16972,150000000000,1601618820,1643100710,41481890,6782,5572,45643.0,475642151797308,70133021497.0,400796936,59097.0,4383761706024187898,646381849900352,309555916,45643.0,1
0x339150b0851bc5b3c0323789a58cc4e4afb38b37,1538512672,317880,100.0,7410000000,1538514846,1539900345,1385499,182,28,45714.0,881413750000,4842932692.0,15449336,84886.0,13837549900000000000,76030493956043956,8319992,45714.0,1
0x33d0568941c0c64ff7e0fb4fba0b11bd37deed9f,1597966623,1841189,100.0,90000000000,1602406681,1610404493,7997812,9999,5166,41988.0,715621600324076,71569316964.0,690908185,69097.0,8205586568136636800,820640720885752,419843153,41988.0,1
0x34278f6f40079eae344cbac61a764bcf85afc949,1631720685,1644099,100.0,82259588596,1631720804,1642449120,10728316,597,223,509054.0,49247790948578,82492112141.0,357373060,598614.0,407171500000000000,682029313232830,303905711,509054.0,1
0x3449fc1cd036255ba1eb19d65ff4ba2b8903a69a,1606676615,6721975,30.21158216149272,20000000000,1606676805,1606825041,148236,9999,4244,28804.0,702102442591201,70217265985.0,1165009293,116512.0,1183312262000000000,118343060506050,288017531,28804.0,1
0x34959919244b18128d084834dba11f0c91732ede,1506821764,2263251,100.0,60000000000,1506821908,1506956062,134154,80,14,95835.0,4443375000000,55542187500.0,16900732,211259.0,441137100000000000000,5514213750000000000,7666829,95835.0,1
0x34bb6cf517abb83bfd8bc4e41ed899810ac49b58,1525340654,1948866,100.0,4000000000,1525341400,1525356832,15432,13,5,41173.0,50000000000,3846153846.0,816475,62805.0,1520000000000000000,116923076923076923,535250,41173.0,1
0x35309e0e5e86902fbd53d2d0c2f25da9f3842db3,1597848038,3905821,66.66667520093726,140000000000,1597848107,1597848763,656,4,5,44474.0,571400000000,142850000000.0,195684,48921.0,0,0,177896,44474.0,1
0x3580b10e7b6401f1f6d86f782a5409fb5198ff68,1603272119,71933,100.0,50000000000,1603272170,1603374409,102239,9,6,369834.0,390000000000,43333333333.0,3733953,414883.0,4396796985209886751,488532998356654083,3328512,369834.0,1
0x371850498d1bd60d67110d1d046ffabc10f957ec,1519223891,1338195,100.0,2000000000,1519832136,1531090697,11258561,5,4,46423.0,25000000000,5000000000.0,1053914,210782.0,0,0,232119,46423.0,1
0x3845db4613a45c0aa1bee21e38600f135290845e,1638151650,2921862,100.0,145000000000,1638151700,1638212245,60545,11,4,319794.0,1671000000000,151909090909.0,4155117,377737.0,413185338499898824779,37562303499990802252,3517738,319794.0,1
0x3884eb0ae2a04bce65b5b0ca9c1bd069cbd52c66,1520109747,1338731,100.0,1000000000,1520267191,1547223221,26956030,24,13,43476.0,226350000000,9431250000.0,4402464,183436.0,0,0,1043426,43476.0,1
0x388cf3c02c034e7fe8ef164a2b414534fc212119,1557872561,1565197,100.0,5000000000,1557873061,1566966728,9093667,148,63,37586.0,1333207848881,9008161141.0,25278589,170801.0,5893417133953776237,39820386040228217,5562847,37586.0,1
0x38a8fc7133b11ca8c1128a0c3523435002ea1cfe,1609913279,930957,100.0,97438001652,1609913757,1609922105,8348,4,2,77664.0,378000001459,94500000364.0,734304,183576.0,0,0,310658,77664.0,1
0x38c36d3faab64c0770af26cc6ee95d91312bc53c,1519303121,1338539,100.0,2000000000,1519835306,1531091296,11255990,31,17,39134.0,247000000000,7967741935.0,6711998,216516.0,0,0,1213162,39134.0,1
0x39a7c26ada0e575d69f05dd6b8086f0ddd99e207,1519083070,1338323,100.0,1000000000,1519385777,1531090159,11704382,4,4,46651.0,19000000000,4750000000.0,803978,200994.0,0,0,186607,46651.0,1
0x3ad44a16451d65d97394ac793b0a2d90c8530499,1520436436,1338387,100.0,2000000000,1520791532,1520791532,0,1,2,45576.0,4000000000,4000000000.0,250000,250000.0,0,0,45576,45576.0,1
0x3b0009071a0a9983e9aab537fd8c9ad478310aeb,1503044532,2992007,76.604299388337,21000000000,1503044672,1597734983,94690311,40,31,130359.0,1613397506372,40334937659.0,10012171,250304.0,47230070958027250000,1180751773950681250,5214389,130359.0,1
0x3c0470b476aa3bf615bc828a6b2006aabab440da,1612288686,2969979,100.0,110000000000,1612289233,1623609277,11320044,53,31,43542.0,8174145081001,154229152471.0,4380195,82645.0,0,0,2307757,43542.0,1
0x3c8ef342cce872c8ee4a41b8539b3ce95e2fe699,1601293942,735831,100.0,156938223938,1601294239,1601294239,0,1,2,44335.0,401483516484,401483516484.0,48768,48768.0,0,0,44335,44335.0,1
0x3cb3cca6185bff079b69dcb1fc2256dd8932632b,1584709344,999000,100.0,10000000000,1584781722,1618973629,34191907,395,263,26090.0,47391317649755,119978019366.0,12178704,30832.0,71050910466498401249,179875722699995952,10305646,26090.0,1
0x3d11b2189ad65e0e91e2f2b0e07cbc05ddc75b7a,1519225296,1338131,100.0,2000000000,1519232497,1531092161,11859664,7,5,46172.0,43100000000,6157142857.0,1553914,221987.0,0,0,323207,46172.0,1
0x3da6d8f14dfcd576c46f9994d8fd94883a8f3fe8,1539260372,3659602,100.0,3400000000,1539340156,1552065611,12725455,1589,233,58582.0,25164203739317,15836503297.0,291317247,183333.0,338104355064021799724,212778071154198741,93087132,58582.0,1
0x3df616ee25ba3fa146544ab595f106bff5ac4397,1539177521,264138,100.0,41000000000,1539178178,1540707270,1529092,1241,117,41333.0,13280149268908,10701167823.0,96110076,77445.0,171040101900206634266,137824417324904620,51294284,41333.0,1
0x3e2b9f6b67fc972419af5e9818281b745a6bf83b,1519046600,1337939,100.0,1000000000,1519386085,1529616114,10230029,6,4,44872.0,24000000000,4000000000.0,1191095,198515.0,0,0,269236,44872.0,1
0x3e9bc21c9b189c09df3ef1b824798658d5011937,1600266838,1843540,100.0,170000000000,1600267102,1603575765,3308663,9999,3868,66756.0,2006034900923792,200623552447.0,946450996,94654.0,10158239003123693178,1015925492861655,667494075,66756.0,1
0x3f2b1dd5877cf9611497b6619d288e77e2d58ef3,1524492120,1584128,100.0,1000000000,1524493045,1526919227,2426182,3,4,49977.0,11000000000,3666666666.0,154454,51484.0,5200000000000000,1733333333333333,149932,49977.0,1
0x3f4d77cdabf58f5bfd2ef20784cafd58334542f8,1520436436,1338195,100.0,2000000000,1520788606,1520788606,0,1,2,45576.0,4000000000,4000000000.0,250000,250000.0,0,0,45576,45576.0,1
0x3fcb2d173389b7cd8079ef8b439dbd92e7e0ae28,1504644868,2996982,76.64313632847978,21000000000,1504645645,1505274423,628778,27,27,143920.0,690500000000,25574074074.0,5413636,200505.0,1163904128277001401314,43107560306555607456,3885864,143920.0,1
0x409de70d8ad0135e6fd91f343899b93d903c998b,1543586020,554257,100.0,20000000000,1543586597,1543588714,2117,8,2,33372.0,160000000000,20000000000.0,400471,50058.0,0,0,266983,33372.0,1
0x4114fb8b1879f61b18f7d2e623569a847a03e15a,1524753873,2004898,100.0,2000000000,1524800826,1531652763,6851937,47,16,43173.0,515000000000,10957446808.0,3843588,81778.0,83173000000000000000,1769638297872340425,2029144,43173.0,1
0x414bca672494b8f078112c52ae258f9e8de1a4a0,1516951717,500000,83.9582,51900000000,1517093853,1517435911,342058,3,4,39512.0,52000000000,17333333333.0,171512,57170.0,300000000000000000,100000000000000000,118536,39512.0,1
0x42265e06267D5857CE0d28094A122f453EE66d37,1519414552,175000,92.36628571428572,1200000000,1519441164,1529152816,9711652,4,4,31005.0,171000000000,42750000000.0,403105,100776.0,6730000000000000000,1682500000000000000,124020,31005.0,1
0x4256117a02ac880335f8bfbeed63f92ec0001a5a,1555377190,1792193,100.0,41000000000,1555377730,1558030372,2652642,33,11,45492.0,1045125000512,31670454560.0,1731848,52480.0,108007925028465243648,3272967425105007383,1501264,45492.0,1
0x4411db7be552b487e3681e890ed14de9a9b24f7b,1520375228,1338387,100.0,2000000000,1520386703,1520386703,0,1,2,45576.0,4000000000,4000000000.0,250000,250000.0,0,0,45576,45576.0,1
0x44357ae7512fe99f55cb94a85f3e947b9143e76c,1540414975,1727254,100.0,8000000000,1540416098,1545975232,5559134,1147,546,169437.0,13954299303452,12165910465.0,560387780,488568.0,2262952336358223703346,1972931417923473150,194345294,169437.0,1
0x44525c8dd44b9d470937cc9e7a0275eb14c7b01d,1528212186,364890,100.0,11000000000,1528213893,1529565847,1351954,81,52,45459.0,670900000000,8282716049.0,6016097,74272.0,50504800000000000000,623516049382716049,3682188,45459.0,1
0x4480451c0aad4b97e837465d3ea618f976970df0,1539762805,700000,52.54785714285715,41000000000,1539765530,1542522357,2756827,64,10,48562.0,819000000000,12796875000.0,9658423,150912.0,1286000000000000000,20093750000000000,3108000,48562.0,1
0x4566b8b849dcdbe04f64bf1909db313cf60d6e41,1520109549,1338515,100.0,1000000000,1520267191,1529502017,9234826,5,4,46411.0,24000000000,4800000000.0,1053914,210782.0,0,0,232055,46411.0,1
0x45750cd6a3bb2206dbeb9cba5e68bf909ac945e3,1520437436,1337595,100.0,2000000000,1520943305,1520943305,0,1,2,45512.0,4000000000,4000000000.0,250000,250000.0,0,0,45512,45512.0,1
0x45f24baeef268bb6d63aee5129015d69702bcdfa,1597602120,997716,100.0,76000000000,1597649619,1598606772,957153,9999,5426,41294.0,900106657027753,90019667669.0,565654685,56571.0,11668260074364642886,1166942701706634,412905302,41294.0,1
0x4639cd8cd52ec1cf2e496a606ce28d8afb1c792f,1599219609,936975,100.0,174000000000,1599225273,1643510281,44285008,6921,4285,40810.0,774579749660121,111917316812.0,410211916,59270.0,11896067880152926207,1718836566992186,282447642,40810.0,1
0x465cd6299775dc459a23c80997d2664656be9780,1539881453,3463687,100.0,10000000000,1539882204,1541976976,2094772,520,54,85936.0,5373058235526,10332804299.0,75228906,144670.0,194671801120000000001,374368848307692307,44686831,85936.0,1
0x4688a8b1f292fdab17e9a90c8bc379dc1dbd8713,1609817858,1146857,100.0,220000000000,1609817949,1614213472,4395523,9999,4009,40872.0,1519444802628941,151959676230.0,1582016963,158217.0,1028196590000000000,102829941994199,408685620,40872.0,1
0x46d1ebf7BB93044E078e0496e4661ec772607d9d,1522405903,4700000,28.67744680851064,10000000000,1522578747,1522980874,402127,15,9,100513.0,460000000000,30666666666.0,2780400,185360.0,47340000000000000000,3156000000000000000,1507695,100513.0,1
0x4711c198e6f04c02413794568990b6a835e8ead9,1513926010,747311,86.6186902106352,5000000000,1513937767,1538221291,24283524,75,13,44482.0,2710427500000,36139033333.0,4776283,63683.0,0,0,3336207,44482.0,1
0x47dc6f08214f891cc910d6d2abfb504c2584f14f,1520115755,1338643,100.0,1000000000,1520267343,1531088152,10820809,5,4,46436.0,31000000000,6200000000.0,1053914,210782.0,0,0,232183,46436.0,1
0x48a421a2905fd4c021d075ec049d1db2433242e4,1591839546,745685,100.0,29000000000,1591839657,1591839952,295,5,6,44335.0,162000000000,32400000000.0,243840,48768.0,0,0,221675,44335.0,1
0x48ca1b283148a9c90bb443c45360f1dd19b47f12,1593571912,4712388,26.135942116820605,40000001459,1593579668,1593670864,91196,7,4,48405.0,288000000000,41142857142.0,454912,64987.0,0,0,338837,48405.0,1
0x49358a824c66b64a2f0c8bb3c99dd73586afab16,1525292679,1705193,100.0,2000000000,1525299977,1528685913,3385936,18,12,27132.0,671122385408,37284576967.0,8958449,497691.0,6402363580000000000,355686865555555555,488380,27132.0,1
0x495a8b1fdba38d726e514e95b4f1657c69fefa0a,1520541686,1338563,100.0,2000000000,1521573805,1523379318,1805513,3,3,40674.0,10000000000,3333333333.0,554170,184723.0,0,0,122023,40674.0,1
0x49c5cd3b1ad9718db6e275b1b3d81c459cb59a6a,1594450198,1058208,100.0,29000001459,1594450508,1595919911,1469403,4,5,42394.0,146000000233,36500000058.0,223710,55927.0,0,0,169579,42394.0,1
0x49dd6d0b21c1156e90b9934a9f2c5f427add5fb6,1602085613,786558,100.0,60000000000,1602200445,1602205009,4564,2,2,54827.0,120000000000,60000000000.0,177504,88752.0,7000000000000000000,3500000000000000000,109654,54827.0,1
0x4a008b542165fec7ec3343a35ceed6bc4f6b2280,1570203152,2028940,100.0,10000000000,1570217267,1605455167,35237900,2273,200,44064.0,41097749301343,18080839991.0,311019696,136832.0,341107780682331246761,150069415170405299,100159283,44064.0,1
0x4a500bf6818ba31bb2b1dc90a354ab64ad3301dd,1519047767,1338195,100.0,1000000000,1519752063,1529668394,9916331,6,4,46271.0,23000000000,3833333333.0,1303914,217319.0,0,0,277631,46271.0,1
0x4aef20778a2e8e3edeab721ed235264f00bb6d20,1594127859,1111311,100.0,47000000000,1594127941,1594128493,552,2,3,44486.0,93000000000,46500000000.0,97868,48934.0,0,0,88972,44486.0,1
0x4b4d2e899658fb59b1d518b68fe836b100ee8958,1609244754,6721975,30.214616983847755,110000000000,1609258503,1620067814,10809311,9999,4415,41294.0,1106841406292969,110695210150.0,733716629,73379.0,100000000000000,10001000100,412905413,41294.0,1
0x4b8705b0f740f7b51d746c0f626d06b8cf25814b,1539876914,658270,100.0,4000000000,1539883964,1542684883,2800919,1612,240,72789.0,17792548837700,11037561313.0,268651112,166657.0,352725961875893001263,218812631436658189,117337127,72789.0,1
0x4bf3e4d2378a1256cbe1cd1c2a8bc9857b811282,1511621584,1699787,100.0,1000000000,1511668276,1511883894,215618,18,10,44576.0,258000000000,14333333333.0,2798858,155492.0,0,0,802382,44576.0,1
0x4c334f280f9e440788b66c4e5260c03e4477267a,1611956326,2943432,100.0,101000000000,1611956474,1614465235,2508761,51,27,43533.0,5540610002918,108639411821.0,3295197,64611.0,0,0,2220189,43533.0,1
0x4d9f1714363d4cbddfec9b8f8469df594b2368d5,1611555439,2899511,100.0,89000000000,1611555565,1611591854,36289,18,16,44587.0,1609000000466,89388888914.0,959208,53289.0,0,0,802578,44587.0,1
0x4e220a522a7473319534968e5935f54755c1ed29,1610424323,6900000,31.21684057971014,80000000000,1610425615,1610948247,522632,76,18,107105.0,5753411201570,75702778968.0,18125092,238488.0,0,0,8140021,107105.0,1
0x4e31f4ee7ee7dd58cca2be6b4934469e61a634d6,1607518547,7201984,100.0,55000000000,1607520698,1635956557,28435859,658,594,54163.0,40547896914476,61622943639.0,49076068,74583.0,5000000000000000,7598784194528,35639430,54163.0,1
0x4e344fa2ac01f1fb53b388fad51427de170241a4,1606168396,866269,100.0,55000000000,1606169498,1606302851,133353,5,4,61586.0,278000001459,55600000291.0,436313,87262.0,7030000000000000000,1406000000000000000,307931,61586.0,1
0x4e88419be4e8643d98b15f8b6cf9cf3f6ef1fbfd,1540573564,904300,100.0,7000000000,1540575597,1540581383,5786,259,54,92616.0,4405760000000,17010656370.0,73537179,283927.0,465917340855654569224,1798908651952334244,23987651,92616.0,1
0x4f3db6d4c97b8248ad5e244e4f619086084f6848,1540572759,1248894,100.0,8000000000,1540573077,1555393585,14820508,1497,168,55933.0,33937337981300,22670232452.0,228369875,152551.0,287789184898192192472,192243944487770335,83732573,55933.0,1
0x4fd942e51d15cdb966b58c3297d6d7e24d27480b,1566860443,175000,92.36628571428572,1916044723,1584743945,1598387518,13643573,3,4,31305.0,192500000000,64166666666.0,119392,39797.0,6160307940000000000,2053435980000000000,93915,31305.0,1
0x50228d83eeb60f31f6e58a0bd608228e9a17fe03,1520178871,1263099,100.0,9000000000,1520181206,1526335722,6154516,76,53,52007.0,307000000000,4039473684.0,5501890,72393.0,734570100000001000,9665396052631592,3952563,52007.0,1
0x50f73e2E02fE63f669fB3320960AA48f42cc99eF,1509971802,790006,100.0,4000000000,1509972696,1511188451,1215755,5,4,45222.0,105000000000,21000000000.0,234834,46966.0,10000000000000000,2000000000000000,226112,45222.0,1
0x514efa2ecc1be6228e46f45999dee7f1e9ed7b9a,1594563771,786558,100.0,36000000000,1594563910,1601159320,6595410,59,24,50493.0,9566500000000,162144067796.0,4206592,71298.0,145927197331934865638,2473342327659912976,2979089,50493.0,1
0x5233816151d616581993fca4988eea77d01e933d,1539812979,1026377,100.0,2000000000,1539864058,1542052099,2188041,12,4,114724.0,60000000000,5000000000.0,2078478,173206.0,133000000000000000,11083333333333333,1376694,114724.0,1
0x523eeafdac23fa2cb0c3873cda4818cdc80e28e8,1600397910,1666953,100.0,255000000000,1600411025,1627771272,27360247,1371,634,42504.0,85437360212184,62317549388.0,113880554,83063.0,19773040000000000000,14422348650619985,58274032,42504.0,1
0x52b7c8857be3853fa68e09d9ba7a9adf075040ea,1502497035,4300000,81.161,21000000000,1502504113,1502552793,48680,28,7,89551.0,800000000000,28571428571.0,10656983,380606.0,6827057000000000000,243823464285714285,2507439,89551.0,1
0x52e8ebf98ef95d373d29041182830bf13c52588f,1622996249,2925496,100.0,24000000000,1622996364,1627599149,4602785,90,49,42066.0,1853250002918,20591666699.0,5744118,63823.0,0,0,3786023,42066.0,1
0x536a6ba0d913d5d6a4ce2c6eb7ed0de3c0f0b89e,1536429842,3000000,24.376466666666666,40000000000,1536438941,1540581351,4142410,3230,545,49623.0,56872397662939,17607553456.0,609470369,188690.0,611382037721775256849,189282364619744661,160284204,49623.0,1
0x540f17317e58afa89a24c89c5df468affab64a09,1536182738,661049,100.0,3000000000,1536417681,1536417681,0,1,2,45610.0,9000000000,9000000000.0,250000,250000.0,0,0,45610,45610.0,1
0x54ff8a2d0a94d4652cfa0f91e1af092e718ffb1b,1541924652,937002,100.0,15000000000,1541925071,1582079898,40154827,77,31,46685.0,916699267604,11905185293.0,7054097,91611.0,3681043050857261124,47805753907237157,3594810,46685.0,1
0x552804d08eb7abbf89c131e4c4b1e9e259d90751,1579763970,500000,72.10560000000001,35000000000,1582140826,1583509450,1368624,2,2,55804.0,70000000000,35000000000.0,1000000,500000.0,0,0,111608,55804.0,1
0x5653b0a525a73ba2376e7f97e50b96f5f01531cf,1592286728,933333,100.0,38000000000,1592286832,1592288402,1570,2,3,44358.0,71000000000,35500000000.0,97586,48793.0,0,0,88716,44358.0,1
0x56d811088235f11c8920698a204a5010a788f4b3,1594509320,8000000,7.46445,20000000000,1594510580,1595060398,549818,9999,5691,84205.0,539999190603626,54005319592.0,1452788019,145293.0,202242230821888480716,20226245706759524,841969382,84205.0,1
0x573b7846e365050517c022a70c5f1bdca76d58ac,1597673586,1183959,100.0,135000000000,1597673715,1597673715,0,1,2,45407.0,137000000000,137000000000.0,49947,49947.0,0,0,45407,45407.0,1
0x57b818a1070373e21fcedf48d4368e1703c75852,1504551716,2904020,79.33895083367194,21000000000,1504552125,1504552125,0,1,2,197282.0,21000000000,21000000000.0,214544,214544.0,30000000000000000,30000000000000000,197282,197282.0,1
0x57d02550f47dd932d2fb84e0aa883c9d8d53c313,1504555199,2997174,76.64463257722107,21000000000,1504555565,1504752820,197255,18,17,137021.0,478000000000,26555555555.0,4607818,255989.0,11930301985000000000,662794554722222222,2466381,137021.0,1
0x57d4e4ea0a207074d7e45fe60c939d2f4d3ed06b,1519064560,1338451,100.0,2000000000,1519385843,1529619569,10233726,6,4,44862.0,23000000000,3833333333.0,1190903,198483.0,0,0,269172,44862.0,1
0x581cc257051a34972641d008c3915a75771be274,1520108391,1338515,100.0,1000000000,1520267166,1529670049,9402883,6,5,46271.0,26000000000,4333333333.0,1303914,217319.0,0,0,277631,46271.0,1
0x5ba53eb789c7f017fe3cd8027fb01c5eeb81f697,1519063366,1338643,100.0,2000000000,1519386069,1531090103,11704034,6,4,44862.0,26000000000,4333333333.0,1190903,198483.0,0,0,269172,44862.0,1
0x5c06bf92669ea4a11b808e65abe65b7c7302e0b9,1504725201,2996981,76.6431619019273,21000000000,1504726217,1504795599,69382,26,22,129972.0,828963039513,31883193827.0,5791487,222749.0,661781109449749578000,25453119594221137615,3379293,129972.0,1
0x5e5d6f6706420f932d796c0f28a83b26dabcfd8d,1505412411,2972716,76.45251009514531,60000000000,1505412523,1505417693,5170,17,16,133391.0,596000000000,35058823529.0,6027476,354557.0,36388760018000000000,2140515295176470588,2267655,133391.0,1
0x5e6dcab4f8edbfc1537b804803d831e5f42d8f3b,1519225093,1338771,100.0,2000000000,1520103132,1531090824,10987692,4,4,46635.0,21000000000,5250000000.0,788402,197100.0,0,0,186543,46635.0,1
0x5f5729010c873232f0ef6a68dca7455cc11de0e2,1604671387,4473867,100.0,100000000000,1604672338,1604802546,130208,178,152,85235.0,16924565676140,95081829641.0,25479996,143146.0,368112330351271139222,2068046799726242355,15171983,85235.0,1
0x5f6ab160206bc6a5d663ca5d0f237d82c572272b,1520436525,1337619,100.0,2000000000,1520942755,1604443127,83500372,5,4,28966.0,140000000000,28000000000.0,377886,75577.0,28585894532701230,5717178906540246,144834,28966.0,1
0x5f856630adbc27c0f5bc1de1961d4f0fb1805a29,1529138476,936230,100.0,9000000000,1529138838,1529284731,145893,7,7,47585.0,65100000000,9300000000.0,615960,87994.0,110200000000000000,15742857142857142,333097,47585.0,1
0x6123e31bf9384ac5946d3affbc830749c4999f58,1606573471,735687,100.0,20994371706,1606573751,1606585037,11286,4,5,44335.0,73056843295,18264210823.0,199948,49987.0,0,0,177340,44335.0,1
0x64f0d720ce8b97ba44cd002005d2dfa3186c0580,1595860831,903071,100.0,181500000000,1595861999,1640305418,44443419,607,311,39228.0,48779074469335,80360913458.0,33304172,54866.0,5000000000000000000,8237232289950576,23811974,39228.0,1
0x65088f603a0998876efe5a786fa64ee13e667e0b,1627505823,1543923,100.0,29000001459,1627506303,1627599073,92770,18,17,46851.0,512870005981,28492778110.0,1030369,57242.0,0,0,843328,46851.0,1
0x65440e4ce8a9a596a20ec8f910dfc8b1a20c5f7a,1544344565,2061775,100.0,5000000000,1544344676,1580375754,36031078,58,31,45842.0,654173750128,11278857760.0,4324875,74566.0,20966034701000000000,361483356913793103,2658854,45842.0,1
0x65af8c81291fb60a20235d9e4de80851f8f845d2,1519064512,1338131,100.0,2000000000,1519386000,1529619957,10233957,7,5,44945.0,27000000000,3857142857.0,1440903,205843.0,0,0,314620,44945.0,1
0x660c46a5650fb0619f603a2f4d73a1cdf8cd00d6,1539096696,1107023,100.0,5000000000,1539101927,1539811280,709353,80,32,99892.0,1156300000010,14453750000.0,18981622,237270.0,44442834244364236105,555535428054552951,7991388,99892.0,1
0x6618dd109ee9dc93026ab36ab6ab7b4fbde0411b,1602242790,1393322,100.0,76000000000,1602242919,1602253145,10226,3,4,44486.0,239999999999,79999999999.0,146802,48934.0,0,0,133458,44486.0,1
0x6642cec9d02e4e669103a3ed4f3505f437b8fe73,1519762349,2042259,95.10346141209318,2000000000,1519823176,1530154421,10331245,173,133,65594.0,1002203750000,5793085260.0,17128418,99008.0,921264754000000000,5325229791907514,11347871,65594.0,1
0x6678bb2a94097f5046ff179a9dcec5be0985745b,1520436525,1337939,100.0,2000000000,1520942476,1520942476,0,1,2,45576.0,4000000000,4000000000.0,250000,250000.0,0,0,45576,45576.0,1
0x668dbf100635f593a3847c0bdaf21f0a09380188,1599230194,1480920,100.0,240000000000,1599230787,1626752520,27521733,9999,5248,38994.0,1032385956733598,103248920565.0,651989983,65205.0,34785017217952795294,3478849606755955,389908425,38994.0,1
0x66e88b42922916d01b9aec71dd334d7fa5fb526d,1519303180,1338387,100.0,2000000000,1519379084,1529666121,10287037,7,5,40906.0,29000000000,4142857142.0,1333914,190559.0,0,0,286348,40906.0,1
0x671167ffa438c87f134395d68b820d5a42202214,1632678147,1700000,99.26858823529412,50935388594,1632767325,1634241395,1474070,23,4,47722.0,1707155349254,74224145619.0,2280622,99157.0,31999980000000000,1391303478260869,1097610,47722.0,1
0x67ad530ecdfd7ac8289362914e88d018e8b3f3f0,1541768745,820829,100.0,5000000000,1541769656,1542653552,883896,377,76,87923.0,8811041695000,23371463381.0,159209671,422306.0,194936909361863779079,517074030137569705,33147020,87923.0,1
0x68d41d0c11bf5536d6d8c186ccfaf3de1a022d67,1519064155,1338387,100.0,2000000000,1519386019,1531088516,11702497,5,4,47693.0,27000000000,5400000000.0,940903,188180.0,0,0,238468,47693.0,1
0x69692d3345010a207b759a7d1af6fc7f38b35c5e,1599878400,6000000,93.17603333333334,95000000000,1599921134,1642382183,42461049,6172,4829,48654.0,664690566828146,107694518280.0,382530584,61978.0,9687553439082669044,1569597122340030,300296051,48654.0,1
0x6973c24fadd0bcab33ee5cb325c8a70e81c67c20,1520375081,1338707,100.0,2000000000,1520386846,1520386846,0,1,2,45576.0,4000000000,4000000000.0,250000,250000.0,0,0,45576,45576.0,1
0x69bbf9a44b46083dad05d070422aaeafaca3204c,1600583520,1438758,100.0,90917188053,1600585243,1600961809,376566,71,19,63743.0,10082934134913,142013156829.0,49399815,695772.0,0,0,4525756,63743.0,1
0x6Ef982f9E7F09d4bF4a70398707c82970a6Dc31E,1515824041,175000,92.36628571428572,22800000000,1517003418,1582040866,65037448,49,24,30404.0,852604185800,17400085424.0,3065165,62554.0,273342142708999999999,5578411075693877551,1489830,30404.0,1
0x6a7c5cc282a0a437eb6d7dc5beb304f961ac6411,1635745939,1432153,100.0,110000000000,1635746511,1636925634,1179123,54,42,44489.0,8065727031997,149365315407.0,3486186,64559.0,0,0,2402444,44489.0,1
0x6b3595068778dd592e39a122f4f5a5cf09c90fe2,1598444887,1615185,100.0,70000000000,1598447334,1598896942,449608,9999,7041,40777.0,1717402341508062,171757409891.0,635902403,63596.0,1034774173651164390281,103487766141730612,407729409,40777.0,1
0x6c5ba91642f10282b576d91922ae6448c9d52f4e,1588271785,5500000,37.68114545454546,15000000000,1588275331,1603254067,14978736,9999,4185,39766.0,1274751206164358,127487869403.0,800837486,80091.0,639221927329499634,63928585591509,397622828,39766.0,1
0x6eff949d9a4e7725d3ee3b894ceaa2813b7437e5,1593184780,3905749,66.66667520109459,39000000000,1593185412,1593185865,453,2,3,44474.0,92000000000,46000000000.0,97842,48921.0,0,0,88948,44474.0,1
0x6f4617a2b686e722fa7550caec775148c20b8626,1614190803,354363,100.0,178000001459,1614191502,1614193180,1678,2,2,98776.0,283000000000,141500000000.0,244952,122476.0,0,0,197553,98776.0,1
0x6fa0952355607dfb2d399138b7fe10eb90f245e4,1605951336,1705487,100.0,55000000000,1611599473,1642079654,30480181,1856,1436,43844.0,184508152401119,99411720043.0,105439626,56810.0,196710000000000000,105985991379310,81375649,43844.0,1
0x6faaeb4050fc4b15b131eff2ea887de829e9fc3f,1522943123,1338451,100.0,1000000000,1522947043,1531487996,8540953,7,5,47088.0,161000000000,23000000000.0,1553914,221987.0,0,0,329620,47088.0,1
0x6fe56c0bcdd471359019fcbc48863d6c3e9d4f41,1551658213,2000000,46.3567,8000000000,1551728277,1611644413,59916136,9999,2219,66504.0,456989096060987,45703479954.0,2184458210,218467.0,203710000000000000,20373037303730,664974773,66504.0,1
0x7011f3edc7fa43c81440f9f43a6458174113b162,1441633160,3000000,30.96053333333333,50000000000,1441633419,1609093148,167459729,890,318,91498.0,50968326481084,57267782563.0,324503515,364610.0,892087335700000000494,1002345321011235955,81433522,91498.0,1
0x702a8dbffac169e5f80e2f5c1cc18b2541887550,1508966509,3000000,24.2367,12000000000,1508966891,1508966891,0,1,2,111742.0,21000000000,21000000000.0,167613,167613.0,0,0,111742,111742.0,1
0x702d965332e3082dc976c3b4013cfe0e2c540bcb,1519223853,1338387,100.0,2000000000,1519832102,1531091257,11259155,4,4,46635.0,22000000000,5500000000.0,803914,200978.0,0,0,186543,46635.0,1
0x70305B080eFc49eB5DFb9bdA78Aea516c398f804,1514021400,175000,92.36628571428572,4500000000,1516304251,1551531633,35227382,455,383,30013.0,5765306849999,12671004065.0,29286087,64365.0,354393580220100000000,778886989494725274,13656163,30013.0,1
0x703f0116bf2ef4c80efac751a319f097fd2dfe6c,1519225181,1338451,100.0,2000000000,1520103076,1529666957,9563881,6,4,46261.0,26000000000,4333333333.0,1303914,217319.0,0,0,277567,46261.0,1
0x70bada9afadf5fdef08ca8e5db1169c039707580,1525062971,660135,100.0,5000000000,1525063547,1525545214,481667,9,7,40487.0,151000000000,16777777777.0,1875680,208408.0,0,0,364388,40487.0,1
0x7202e03b5cde32ec58e7fdfbde853173570594e3,1601577721,2525868,100.0,50000000000,1601613861,1602670348,1056487,13,3,243277.0,1192000000000,91692307692.0,6849410,526877.0,0,0,3162609,243277.0,1
0x7355e49ba13082d3f83fd828ee6fda39738f1e55,1523736376,175000,92.36628571428572,267536979,1608023419,1609923858,1900439,9,2,21000.0,680000000000,75555555555.0,189000,21000.0,1298539124744174117,144282124971574901,189000,21000.0,1
0x74148005e17094cd696b520c8f00a5b429cacc8c,1603085070,786542,100.0,19000000000,1603086513,1603086513,0,1,2,38927.0,26000000000,26000000000.0,68080,68080.0,80000000000000000,80000000000000000,38927,38927.0,1
0x74fe63027ccd88f9cffe4255fdf2075243582ce3,1601085751,1229285,100.0,60000000000,1601086058,1622979984,21893926,10,9,45395.0,614500001794,61450000179.0,513928,51392.0,0,0,453951,45395.0,1
0x76175599887730786bda1545d0d7ace8737febb1,1635838160,1422695,100.0,109946378541,1635838373,1635904310,65937,17,10,51162.0,2418239106165,142249359186.0,1165052,68532.0,0,0,869764,51162.0,1
0x77fd8020284a592bc782ebd05b693d7fe1cc614e,1636537828,1422731,100.0,100000000000,1636538905,1636613687,74782,12,8,49809.0,1378975671606,114914639300.0,777915,64826.0,0,0,597712,49809.0,1
0x788431a9fed9fae11871353cd6e92f3b724e7d63,1519221446,1338259,100.0,2000000000,1519831309,1529668743,9837434,6,5,46282.0,24000000000,4000000000.0,1303914,217319.0,0,0,277695,46282.0,1
0x7a18CfC4a36E48163034E51A9Ed19D4bdEa05F6f,1505302224,2972716,76.45251009514531,60000000000,1505302390,1505393374,90984,5,4,136277.0,183000000000,36600000000.0,1178388,235677.0,4054507554600000000,810901510920000000,681387,136277.0,1
0x7a18cfc4a36e48163034e51a9ed19d4bdea05f6f,1505302224,2972716,76.45251009514531,60000000000,1505302390,1505393374,90984,5,4,136277.0,183000000000,36600000000.0,1178388,235677.0,4054507554600000000,810901510920000000,681387,136277.0,1
0x7b307c1f0039f5d38770e15f8043b3dd26da5e8f,1536253337,107000,99.40280373831776,15000000000,1536307250,1539198698,2891448,9999,1050,41772.0,124466983238847,12447943118.0,1038499205,103860.0,5659018895705413626212,565958485419083270,417684236,41772.0,1
0x7b3a132ad35b6138f2dd148bfac2e790e4869723,1520374994,1338131,100.0,2000000000,1520386406,1520386406,0,1,2,45576.0,4000000000,4000000000.0,250000,250000.0,0,0,45576,45576.0,1
0x7bd83b818fb88239a8ece4c95837dc5746af32cc,1540689839,777777,77.79903494189209,5000000000,1540693755,1541312733,618978,35,10,82263.0,210600000000,6017142857.0,16048581,458530.0,6046000000000000000,172742857142857142,2879215,82263.0,1
0x7e160f5cf87e44cbe6b1337bb883f453445391de,1519175621,1338899,100.0,1000000000,1519752563,1604508528,84755965,8,5,45718.0,123000000000,15375000000.0,1360789,170098.0,0,0,365751,45718.0,1
0x7f30f5955b7605b96421e7c170edbbc45b373cd9,1545130625,896293,100.0,8000000000,1545131139,1545132179,1040,4,2,37075.0,22000000000,5500000000.0,222453,55613.0,0,0,148303,37075.0,1
0x800d2b0cdfbebf9437565b0bb7426fd2e796b9cd,1611225084,1008387,76.923145578037,100000000000,1611260553,1611291323,30770,5,2,36463.0,300000000000,60000000000.0,1048821,209764.0,0,0,182315,36463.0,1
0x8105ed8a3be363e32c91a0904cd59e0f843d7123,1552217416,1106267,90.96059088809484,5000000000,1552219656,1552219656,0,1,2,72048.0,6600000000,6600000000.0,74310,74310.0,50000000000000000,50000000000000000,72048,72048.0,1
0x820fa2199b16a32c8dd28641ed3ca85388b1ed04,1623004556,751681,100.0,19000000000,1623004707,1629712071,6707364,15,2,41675.0,312000000000,20800000000.0,1130968,75397.0,0,0,625137,41675.0,1
0x82334551e71b48387a122ebb256b188bf5868f44,1520541641,1338131,100.0,2000000000,1521573871,1522053310,479439,3,4,39537.0,10000000000,3333333333.0,553978,184659.0,0,0,118611,39537.0,1
0x82aa987a16deafd8b4fab73ec316f94f4df43020,1540043638,1511150,100.0,41000000000,1540046445,1548452420,8405975,240,22,47656.0,5127584998102,21364937492.0,42458883,176912.0,5991934276481754491,24966392818673977,11437586,47656.0,1
0x83fccc659eeeee98ca9764b7b34409347dfbc98b,1539102491,298592,66.50948451398564,8000000000,1539115630,1541076525,1960895,30,4,47757.0,319000000000,10633333333.0,2010086,67002.0,830000000000000000,27666666666666666,1432718,47757.0,1
0x86035a913989d8d2bb631c0bd7657983666168d8,1529069997,936626,100.0,27000000000,1529357513,1531433666,2076153,20,17,53275.0,361350000000,18067500000.0,1752280,87614.0,1671011000000000000,83550550000000000,1065519,53275.0,1
0x8676f2dfd06ec780ea3f8fba65a29110a56dd830,1519219945,1338131,100.0,2000000000,1519759996,1529664204,9904208,5,4,46411.0,20000000000,4000000000.0,1038402,207680.0,0,0,232055,46411.0,1
0x86772b1409b61c639eaac9ba0acfbb6e238e5f83,1608032750,2114117,100.0,60000000000,1608052773,1621666472,13613699,9999,7496,46523.0,1266086906774696,126621352812.0,629867018,62993.0,1946243170000000000,194643781378137,465189271,46523.0,1
0x870cbbd204d5e2317c60374888e4b6be3bfa092b,1577633774,3125124,36.002539419235845,8000000000,1577633938,1582804750,5170812,9,4,43152.0,45000000000,5000000000.0,1968679,218742.0,0,0,388370,43152.0,1
0x8822f619a9dd64d17caa3f5ca1b257808f7369bd,1505417834,2572716,88.33917152145825,60000000000,1505419341,1505444349,25008,42,41,140746.0,1193764179201,28422956647.0,11902264,283387.0,48433843270000000000,1153186744523809523,5911341,140746.0,1
0x8a0e85901849b40a7f80399a00f7115193c0bdb2,1525451406,2005346,100.0,8000000000,1525451919,1581753823,56301904,46,11,43057.0,888194109696,19308567602.0,2899579,63034.0,150924900000000000000,3280976086956521739,1980648,43057.0,1
0x8ab2a5c943d71959e73dcd7c075947c27d63cffd,1601011479,786558,100.0,50000000000,1601031309,1601497376,466067,4,4,54284.0,368000000000,92000000000.0,296550,74137.0,1006881515075062184,251720378768765546,217136,54284.0,1
0x8ab7404063ec4dbcfd4598215992dc3f8ec853d7,1562435376,7000000,17.59067142857143,20000000000,1562435894,1594099818,31663924,9999,2061,54957.0,252956395302228,25298169347.0,1149578597,114969.0,886271360000000000,88635999599959,549523593,54957.0,1
0x8abe0a9b8a1c8a003354e61f3ed8befdeb7d2cec,1530034389,2152595,53.54444287011722,11000000000,1530034634,1530815032,780398,17,5,70078.0,210000000000,12352941176.0,2483426,146083.0,0,0,1191342,70078.0,1
0x8b7c1450d435f2932e6a7225593d14a4dcf0372d,1540574271,714564,100.0,12000000000,1540574584,1548686026,8111442,1064,46,53657.0,8856280000000,8323571428.0,146535592,137721.0,79092638060411912278,74335186147003676,57091801,53657.0,1
0x8bece7f1dac4834af77c6bb78b008a04cf861d53,1603261131,1295630,100.0,24000000000,1603261280,1619327892,16066612,17,9,42788.0,1171571434641,68915966743.0,1062483,62499.0,0,0,727403,42788.0,1
0x8c654fe2b20bcb48c484c0e1cc5fb3289ba47297,1532247226,280000,99.8325,15000000000,1532247798,1544818505,12570707,17,2,26880.0,369000000000,21705882352.0,1680000,98823.0,0,0,456964,26880.0,1
0x8d305fd29aebd6e0562de9321d55e7f0e6fbacad,1528099461,2004770,100.0,15000000000,1528103351,1528131059,27708,26,8,41954.0,361000000000,13884615384.0,1806605,69484.0,14270000000000000000,548846153846153846,1090808,41954.0,1
0x8d9621943caf6081d2745394a1d23da9a963f049,1625379130,2964498,100.0,17000000000,1625379249,1627088508,1709259,31,22,47800.0,388725001459,12539516176.0,2138826,68994.0,0,0,1481819,47800.0,1
0x8dc2c980d25b586c5c110ec3c477e985b9acad8b,1519046608,1338195,100.0,1000000000,1519386069,1529664945,10278876,6,4,47394.0,23000000000,3833333333.0,1191031,198505.0,0,0,284364,47394.0,1
0x8e1701e9509250d808eeca648feb1b8d7eed0704,1510698189,3000000,24.2367,17850000000,1510698523,1518668776,7970253,75,43,39531.0,2787925000000,37172333333.0,10136411,135152.0,138477000000000000,1846360000000000,2964886,39531.0,1
0x8e22c4713896cf2b69a0cc1b206c8fad980db322,1592751335,786558,100.0,36000001459,1592751448,1594618835,1867387,29,12,43663.0,1415000000000,48793103448.0,2022850,69753.0,34286260423852411878,1182284842201807306,1266252,43663.0,1
0x8eba31e9ca4a7fa7d93393fefc2ab206e7c4f0a7,1605061628,667791,100.0,48000000000,1605062087,1614047488,8985401,98,14,218660.0,5613561170474,57281236433.0,29818635,304271.0,825389511536731803055,8422341954456446969,21428764,218660.0,1
0x8f9a8dc65a423c7dec9261aa6010db738407c879,1606355918,3210893,100.0,35000000000,1606356670,1607907279,1550609,2081,156,187644.0,79998719520715,38442440903.0,616605732,296302.0,239383170306015833417,115032758436336296,390487814,187644.0,1
0x8fa86218ec14bb207b5ae404c60a836c3d7cbb3a,1545133143,1132237,100.0,9000000000,1545133344,1545158083,24739,3,2,2566653.0,14000000000,4666666666.0,7740619,2580206.0,0,0,7699959,2566653.0,1
0x8fd1a3ea61b1456be58e38b8c1bea49acb84b7fd,1542011224,658270,100.0,3200000000,1542023976,1556960444,14936468,182,39,66430.0,2282740000000,12542527472.0,29710653,163245.0,20952075609366502711,115121294556958806,12090350,66430.0,1
0x902D0d5Bb6A34307BBd1dA33E61Ae1654b6cBE1e,1509979013,3263523,69.35630605330498,60000000000,1509979040,1510125287,146247,6,7,152062.0,222000000000,37000000000.0,2447810,407968.0,2085181690000000000,347530281666666666,912372,152062.0,1
0x902d0d5bb6a34307bbd1da33e61ae1654b6cbe1e,1509979013,3263523,69.35630605330498,60000000000,1509979040,1510125287,146247,6,7,152062.0,222000000000,37000000000.0,2447810,407968.0,2085181690000000000,347530281666666666,912372,152062.0,1
0x903bb9cd3a276d8f18fa6efed49b9bc52ccf06e5,1521346551,651290,98.46458566844262,2000000000,1521347265,1550630714,29283449,5232,1707,36652.0,11280098635232,2155982155.0,508054018,97105.0,1101451011000000000,210521982224770,191766482,36652.0,1
0x903dc47aa7c40f9f59ef1e5c167ce1a9b39a2bff,1525512014,2005538,100.0,6000000000,1525515975,1526307930,791955,23,4,34353.0,342000000000,14869565217.0,943423,41018.0,4070000000000000000,176956521739130434,790134,34353.0,1
0x91ef0754d270e67f2ca92595f5a1c0459ec7df89,1520541185,1337875,100.0,2000000000,1521573998,1521711911,137913,2,3,48814.0,7000000000,3500000000.0,371000,185500.0,0,0,97629,48814.0,1
0x934a0a1bfe01eeb4415689d8e66e56e3f1f13077,1530385610,2005474,100.0,14000000000,1530414603,1530488366,73763,24,6,40391.0,441000000000,18375000000.0,1747372,72807.0,21578699360000000000,899112473333333333,969392,40391.0,1
0x93aebe50a59dfd4c1f7ed56f5177c6ced54a33af,1520542058,1338603,100.0,2000000000,1521573505,1585676110,64102605,3,4,39558.0,7000000000,2333333333.0,767000,255666.0,0,0,118675,39558.0,1
0x9477f48a278909a94d8cd9480dfa85d07103f004,1565872191,3972456,66.66666666666666,1000000000,1565888275,1642752445,76864170,740,98,43597.0,47250281083166,63851731193.0,50654125,68451.0,0,0,32262320,43597.0,1
0x94b73aea0d688af50ecc1195a06d470e20c2b3c7,1589178195,400000,70.38275,23800000000,1589964118,1613491339,23527221,10,2,31230.0,1066650004529,106665000452.0,1000000,100000.0,0,0,312306,31230.0,1
0x955427a36b5c92edee90a1448bfc7e854e9caef5,1519220455,1338131,100.0,2000000000,1519760126,1529664621,9904495,6,5,46282.0,23000000000,3833333333.0,1303914,217319.0,0,0,277695,46282.0,1
0x956729a9e9b2ff42a30c8bd8fbe380b2c714825b,1519221266,1339307,100.0,2000000000,1519831304,1529669121,9837817,8,5,44270.0,35000000000,4375000000.0,1803914,225489.0,0,0,354167,44270.0,1
0x96036e9b51f03cabb6fe30daad1544a73f795efc,1612287895,962387,100.0,117000000000,1612289939,1643484542,31194603,550,153,45743.0,46143068062087,83896487385.0,37976888,69048.0,0,0,25158686,45743.0,1
0x964432e4cfdf1463167d21815bcf9463cf19ea49,1516358622,1560774,83.33333333333334,50000000000,1516359389,1521181776,4822387,101,62,41549.0,1523500000000,15084158415.0,22158836,219394.0,0,0,4196509,41549.0,1
0x97eb195bdae6a3afa19567a68d475c1006c2cbcb,1606959741,400000,70.38275,23800002480,1610701716,1613878349,3176633,2,2,30979.0,252975109671,126487554835.0,200000,100000.0,0,0,61958,30979.0,1
0x98198d7eCc42a3E18D3fc52957db46930cf1d2e8,1524316662,2005538,100.0,1000000000,1524320875,1524340662,19787,17,6,46769.0,57000000000,3352941176.0,1310500,77088.0,38961000000000000000,2291823529411764705,795086,46769.0,1
0x98198d7ecc42a3e18d3fc52957db46930cf1d2e8,1524316662,2005538,100.0,1000000000,1524320875,1524340662,19787,17,6,46769.0,57000000000,3352941176.0,1310500,77088.0,38961000000000000000,2291823529411764705,795086,46769.0,1
0x98eaba2684b49bbde9842cd48f3bae8caa31dac4,1590614161,2381086,80.00000839952862,26000000000,1590616242,1592268286,1652044,2,2,99324.0,55000000000,27500000000.0,9692338,4846169.0,0,0,198649,99324.0,1
0x995e8e4f271b1b549ac074d26d8b9b5307fe9fa5,1523375694,1250473,100.0,20000000000,1523385004,1550308280,26923276,35,6,49989.0,1801000000000,51457142857.0,1879516,53700.0,0,0,1749626,49989.0,1
0x99f93d05059f074e893ab369f71adb4569a3da12,1519210790,1338515,100.0,2000000000,1519232769,1531092195,11859426,7,5,46163.0,47000000000,6714285714.0,1553914,221987.0,0,0,323143,46163.0,1
0x9a0aba393aac4dfbff4333b06c407458002c6183,1601522039,5000000,36.11374,90000000000,1601522774,1643533423,42010649,6470,3546,41548.0,638709268556392,98718588648.0,419236063,64796.0,15484363004325017266,2393255487530914,268821678,41548.0,1
0x9a670a4e0fa4dc648d1c3bf9d999fe985c9ffba3,1528238804,1361711,100.0,4000000000,1528243695,1531083744,2840049,5,5,46441.0,56000000000,11200000000.0,1053970,210794.0,0,0,232205,46441.0,1
0x9aeeb96044d3eb81f1fac7f81e2a5cf89cf31ee6,1602420992,2248609,100.0,38000000000,1602421506,1603927092,1505586,9,8,41114.0,412453002593,45828111399.0,630713,70079.0,0,0,370031,41114.0,1
0x9b63e5599f8d7b70f96da0700bde1b4c0d7f35a9,1540901761,1182243,100.0,3000000000,1540908337,1545286087,4377750,26,6,59095.0,139000000000,5346153846.0,4979000,191500.0,3543403360000000000,136284744615384615,1536480,59095.0,1
0x9beb086842a6c61ad929995f7060e3ee2c4a94ce,1519225068,1338515,100.0,2000000000,1519832432,1529665783,9833351,11,7,47127.0,57000000000,5181818181.0,2455903,223263.0,0,0,518401,47127.0,1
0x9c51699b4cd43ba4f6bc81d70b21291b63e6d130,1602952672,1202751,100.0,39000000000,1603460118,1643463333,40003215,1971,1121,54600.0,78259041984516,39705247074.0,114996455,58344.0,187070372087836776425,94911401363691921,107617022,54600.0,1
0x9c6625dc8333b633c40a0c2f2a49379363763ba0,1544698198,582160,100.0,6000000000,1600486494,1607195175,6708681,15,4,30331.0,669190002712,44612666847.0,660715,44047.0,0,0,454974,30331.0,1
0x9e19462787be36e5e3676ad2428b26599bf9866c,1526269301,1920034,100.0,5000000000,1526293661,1531763455,5469794,201,62,42873.0,3809109563384,18950793847.0,18140638,90251.0,100000000000000000,497512437810945,8617515,42873.0,1
0x9e48a065af4d02257d9c9c83d78e7c06e7bf2449,1442136462,1600000,59.01575,50000000000,1442136893,1518430860,76293967,89,14,54500.0,3923888123644,44088630602.0,103854414,1166903.0,37193781153483880991,417907653409931247,4850517,54500.0,1
0x9f26ae5cd245bfeeb5926d61497550f79d9c6c1c,1605181664,3000000,61.53813333333333,51000000000,1605181702,1607176332,1994630,28,4,6853224.0,2770500000000,98946428571.0,241399081,8621395.0,11548278470406437597,412438516800229914,191890296,6853224.0,1
0x9f284e1337a815fe77d2ff4ae46544645b20c5ff,1537958496,1879517,100.0,8000000000,1540708180,1600624098,59915918,9999,5339,43495.0,1491143476765152,149129260602.0,774972280,77504.0,13041324612982132908,1304262887586971,434912243,43495.0,1
0xAE6E3C7160af3C1f524572E5b29C81E6Ff061D90,1510735041,1267376,100.0,15000000000,1511188845,1571065571,59876726,6,5,37946.0,66000000000,11000000000.0,477178,79529.0,0,0,227680,37946.0,1
0xBa663f63eE6eF36d8778615dB2b90679F605D8B4,1517253863,175000,92.36628571428572,5625000000,1520509605,1520509605,0,1,2,21000.0,1000000000,1000000000.0,21000,21000.0,10000000000000,10000000000000,21000,21000.0,1
0xEDc702Ed96AccAE315A0F1E8Fa2d5a6bC4FeeA69,1528726552,2005474,100.0,3000000000,1528727109,1528957705,230596,37,12,43902.0,528000000000,14270270270.0,3551035,95973.0,105729000000000000000,2857540540540540540,1624388,43902.0,1
0xa0246c9032bc3a600820415ae600c6388619a14d,1598895285,4721975,26.238851328098946,310000000000,1598896894,1601493646,2596752,9999,5368,42163.0,2037831881975637,203803568554.0,852813726,85289.0,14552439331438193839,1455389472091028,421589569,42163.0,1
0xa05554fa940043c7ba191b16cbbe404c3f898f48,1519221635,1338579,100.0,2000000000,1519831847,1531092948,11261101,6,5,46271.0,41000000000,6833333333.0,1303850,217308.0,0,0,277631,46271.0,1
0xa0a3cce6068a735e20bd047cde6bff19f638ae39,1563027189,936430,100.0,20000000000,1563027529,1593803772,30776243,15,4,46967.0,254000000000,16933333333.0,900176,60011.0,100100000000000000,6673333333333333,704517,46967.0,1
0xa0db4acb24e92167341320fcd882bbfb641cd12d,1519063125,1338771,100.0,2000000000,1519752296,1529615176,9862880,6,4,46271.0,23000000000,3833333333.0,1303978,217329.0,0,0,277631,46271.0,1
0xa153a6ef80fb5d60de18688bdc82684d48fc8de1,1540690745,1152595,100.0,2530000100,1540692020,1542373854,1681834,8,3,56462.0,51300000000,6412500000.0,575695,71961.0,0,0,451697,56462.0,1
0xa2065164a26ecd3775dcf22510ad1d2daef8bd2a,1566653576,1000000,66.66290000000001,20000000000,1566659479,1643302872,76643393,1095,201,44529.0,56594057672248,51684070933.0,77674843,70935.0,0,0,48760220,44529.0,1
0xa25560d083fe0ea3e303c11577b5a345b236fac7,1538832565,164951,100.0,3100000000,1538881552,1543646188,4764636,1790,162,40870.0,14759682013370,8245632409.0,182159348,101764.0,229827808794043995241,128395423907287148,73157705,40870.0,1
0xa358cf2d2cb8a447b45846a4456d6e7c08d2ee7c,1608261347,1509894,100.0,72000000000,1608261835,1608261835,0,1,2,44509.0,92000000000,92000000000.0,48959,48959.0,0,0,44509,44509.0,1
0xa38feb7b0aaad949a1b99ff516d4e3ea2e317bbf,1540670511,666990,100.0,10000000000,1540671157,1540682898,11741,58,14,76627.0,488912000000,8429517241.0,21259737,366547.0,26613000000000000000,458844827586206896,4444405,76627.0,1
0xa3bed4e1c75d00fa6f4e5e6922db7261b5e9acd2,1594635836,1236354,100.0,60000000000,1594636020,1597023570,2387550,9999,4861,40641.0,702419541019936,70248978999.0,895179812,89526.0,11836863450718886388,1183804725544443,406372254,40641.0,1
0xa490730ce2a97ec9f81f08fdb0eede36d6319bbd,1519223799,1338539,100.0,2000000000,1519832073,1531091443,11259370,5,5,44732.0,26000000000,5200000000.0,1038466,207693.0,0,0,223660,44732.0,1
0xa4f5dd69db954c71587173de7d5d7dd330111766,1631709289,1537973,100.0,32530508397,1631778415,1631867611,89196,23,8,105164.0,1219358511880,53015587473.0,2804207,121922.0,0,0,2418775,105164.0,1
0xa5978a61a90ae7217c60c7b275343ce244a053cc,1610098034,2610862,100.0,98000001459,1610099605,1632632098,22532493,7,5,127057.0,484300000000,69185714285.0,9498876,1356982.0,0,0,889405,127057.0,1
0xa5b254aea2e59ab3ce3bec470fe1882403c41be0,1520392124,1338707,100.0,2000000000,1520393469,1520393469,0,1,2,45576.0,4000000000,4000000000.0,250000,250000.0,0,0,45576,45576.0,1
0xa62b5f23f4b3ddc20f879c3ff58d4b1ef2952d97,1519184509,1338579,100.0,1000000000,1519752764,1531089601,11336837,5,4,46411.0,24000000000,4800000000.0,1053914,210782.0,0,0,232055,46411.0,1
0xa6ba0996684fcff6167128a13c8b0a1648310e6e,1519221453,1338259,100.0,2000000000,1519831389,1531090642,11259253,5,4,46449.0,25000000000,5000000000.0,1038466,207693.0,0,0,232247,46449.0,1
0xa74476443119a942de498590fe1f2454d7d4ac0d,1478810650,1525251,100.0,109551893707,1478824345,1489065691,10241346,9999,1754,45114.0,393399738394944,39343908230.0,1191339946,119145.0,1001451674022391499262654,100155182920531203046,451101542,45114.0,1
0xa77db707916adeff81042ca57656931ccd8f428e,1589989095,786374,100.0,45000000000,1590151103,1604522583,14371480,91,25,44858.0,4150606250000,45611057692.0,5965575,65555.0,358802421965779149150,3942883757865704935,4082164,44858.0,1
0xa7ed29b253d8b4e3109ce07c80fc570f81b63696,1606676720,6721975,30.214795502809817,20000000000,1606676805,1609323770,2646965,9999,4776,41795.0,655084191354803,65514970632.0,590492017,59055.0,3000000000000000,300030003000,417917518,41795.0,1
0xa932dd6d00fed9d1cd140275a5caa32d0b1e0d68,1514028278,175000,92.36628571428572,4500000000,1522883718,1561050733,38167015,30,18,29171.0,1005750000000,33525000000.0,1944210,64807.0,208538666090000000000,6951288869666666666,875148,29171.0,1
0xa95171e49a7e187585c0d5cde0c209b76a5fd220,1550713930,678674,100.0,5000000000,1550718660,1566220705,15502045,39,18,62635.0,1587750350000,40711547435.0,18549727,475634.0,13914539222328862564,356783056982791347,2442770,62635.0,1
0xaa74c85158be3cef42140a2d59c063862463c703,1605832055,4712388,37.18439568218916,35000000000,1605832697,1606992589,1159892,2,3,44451.0,79000001561,39500000780.0,97792,48896.0,0,0,88902,44451.0,1
0xaba49b563feed7f617ae2fcff86c3a6e8821c387,1534905878,286434,100.0,2000000000,1534914039,1624698536,89784497,5,5,76400.0,49200000000,9840000000.0,467747,93549.0,71000000000000000,14200000000000000,382001,76400.0,1
0xaba8cac6866b83ae4eec97dd07ed254282f6ad8a,1597849378,8000000,11.7795125,155000000000,1597856326,1598967919,1111593,9999,5018,40481.0,1969634766874630,196983175004.0,953971024,95406.0,20495000000000000000,2049704970497049,404779472,40481.0,1
0xac9093198de62e5289163e85bacb53ead596b9f3,1519063187,1338195,100.0,2000000000,1519386069,1531090754,11704685,5,4,44732.0,23000000000,4600000000.0,941031,188206.0,0,0,223660,44732.0,1
0xadd375ffb70902bacfafc7f4fb92f05650caf537,1601101129,786558,100.0,50000000000,1601551797,1602081383,529586,6,7,58427.0,560428571429,93404761904.0,594763,99127.0,4008149894164896547,668024982360816091,350566,58427.0,1
0xb101f0eb0a8938769d4c3fd4f933b11627ca3768,1599999649,3912099,66.66666666666666,103000000000,1600000266,1634731123,34730857,564,348,38322.0,55149735990681,97783219841.0,40379855,71595.0,2050000000000000000,3634751773049645,21613861,38322.0,1
0xb10ea0d397db942a1083a4af9c6074ab63bc8c8b,1538676449,1000000,43.6406,7000000000,1538678645,1546814911,8136266,8529,734,61378.0,138628218600379,16253748223.0,1805230329,211657.0,1317958280914804426464,154526706637918211,523500664,61378.0,1
0xb15882a04e840946cb12b41bd070dfe7b1486f93,1587049365,1899680,100.0,16000000000,1587049974,1636289823,49239849,424,65,42484.0,5388330308937,12708326200.0,50056164,118056.0,0,0,18013258,42484.0,1
0xb197af2df029e3367316adbea2f871fdb011ccca,1588976945,775144,100.0,8000000000,1588978667,1593881026,4902359,180,101,38316.0,2376581844477,13203232469.0,11176782,62093.0,100124339292103273,556246329400573,6896893,38316.0,1
0xb1f66997a5760428d3a87d68b90bfe0ae64121cc,1601024188,5000000,74.83564,150000000000,1601024296,1612062948,11038652,9999,5021,41426.0,784156204986116,78423462844.0,646931145,64699.0,5000000000000000000,500050005000500,414228222,41426.0,1
0xb1f873cb2cd0c818ce8b0a7d971f062808a47425,1520374925,1338771,100.0,2000000000,1520385308,1521446734,1061426,2,3,41186.0,8000000000,4000000000.0,500000,250000.0,0,0,82373,41186.0,1
0xb31d374d54ffcfba5330ece49aa50c07380c1948,1544384662,300000,92.93566666666668,2880000001,1559116507,1617712360,58595853,36,2,30187.0,2567700006783,71325000188.0,3600000,100000.0,0,0,1086760,30187.0,1
0xb3273dd8b99884bc3b37844df44f6a2575d2b8d1,1612477006,560838,66.66666666666666,200000000000,1612477157,1612477157,0,1,2,24837.0,301000000000,301000000000.0,73256,73256.0,0,0,24837,24837.0,1
0xb328f05fa01cc2f9add1ed05c5636e7d9c9b9954,1540491394,2295136,100.0,8000000000,1540491933,1582743591,42251658,179,51,192497.0,2322725000000,12976117318.0,54154454,302538.0,261417935340736764360,1460435392965009856,34457101,192497.0,1
0xb331728743d45a6470b8798320f2c173d41e4bfb,1550584237,1229348,100.0,50000000000,1550759772,1550762821,3049,5,2,104922.0,86000000000,17200000000.0,1360615,272123.0,0,0,524610,104922.0,1
0xb507ebc4c6b65a11502fe5f20f8ceebc7e155fb4,1583863402,1899692,100.0,1500000000,1583896966,1619250848,35353882,683,102,43191.0,10252214617219,15010563129.0,80691970,118143.0,0,0,29499895,43191.0,1
0xb52e021453e4a5fa426d840821a65e008926956f,1625379130,2964498,100.0,17000000000,1625379249,1625425527,46278,56,6,154400.0,888000000000,15857142857.0,11348261,202647.0,441766801928058042516,7888692891572465044,8646433,154400.0,1
0xb547027a4ccd46ec98199fa88aaedf5aa981db26,1537484717,768826,98.69931557985812,10000000000,1537485661,1546593608,9107947,3153,272,44103.0,39456613392400,12513990926.0,251966090,79913.0,321809916469400593177,102064673793022706,139057555,44103.0,1
0xb60fbba496bed5dfc3be19b90a892351b07abb2b,1606988140,1420814,100.0,39000000000,1606988651,1606988934,283,2,2,125364.0,62000000000,31000000000.0,378413,189206.0,0,0,250729,125364.0,1
0xb7741854bdb50e086a85722f6e280cd0515b9230,1516597667,175000,92.36628571428572,9000000000,1519724906,1526444851,6719945,4,4,28503.0,153000000000,38250000000.0,352242,88060.0,1180000000000000000,295000000000000000,114015,28503.0,1
0xb7c06096b7cf4622ae0da4ebc929649463c8692f,1611262881,2908436,100.0,76000000000,1611262987,1611407588,144601,27,23,43523.0,3022200001715,111933333396.0,1476616,54689.0,0,0,1175147,43523.0,1
0xb8baa0e4287890a5f79863ab62b7f175cecbd433,1599252883,1015152,100.0,100000000000,1599253362,1599807227,553865,9999,4629,41149.0,1635223882130173,163538742087.0,825996651,82607.0,479055834860288619,47910374523481,411456483,41149.0,1
0xb964bdcf25dea43b9fd0550d4f8b55585a539764,1606466425,5500000,17.038272727272727,60000000000,1606466541,1619776867,13310326,31,4,1714841.0,1780655665928,57440505352.0,89184089,2876906.0,0,0,53160080,1714841.0,1
0xba11d00c5f74255f56a5e366f4f77f5a186d7f55,1568013787,1341878,100.0,10000000000,1568013963,1587382501,19368538,9999,2423,118378.0,177245508490774,17726323481.0,2203842438,220406.0,0,0,1183665055,118378.0,1
0xbcc6c0fef89b87a12773db7a9a8ecbccccdb7aff,1506715427,4000000,33.226925,100000000000,1506715731,1506836965,121234,24,10,54854.0,520923684167,21705153506.0,2619302,109137.0,7805000000000000000,325208333333333333,1316496,54854.0,1
0xbd2949f67dcdc549c6ebe98696449fa79d988a9f,1596739989,4700000,11.994574468085109,49000000000,1596740164,1643617341,46877177,5600,3507,48020.0,574209908096554,102537483588.0,1726694879,308338.0,10191000000000000000,1819821428571428,268913009,48020.0,1
0xbea72b7da261bb0a488a5d07f01b16516ba2edef,1539598591,1254528,100.0,6000000000,1539598799,1547646918,8048119,2763,335,51933.0,46096420002221,16683467246.0,476455617,172441.0,926323521398704950678,335260051175788979,143491175,51933.0,1
0xbf0c85867fcdd4064d22b0dfd91561a52134e035,1520345031,1338003,100.0,3000000000,1520345780,1529444757,9098977,6,5,46314.0,28000000000,4666666666.0,1304042,217340.0,0,0,277887,46314.0,1
0xbf91b27fec3146a1b36069f92337a0ea330725df,1539170832,1183566,100.0,5000000000,1539248136,1543751148,4503012,765,604,83259.0,3222875170140,4212908719.0,113372632,148199.0,42234203498291940836,55208109148094040,63693489,83259.0,1
0xbfa82fbe0e66d8e2b7dcc16328db9ecd70533d13,1533639149,1008447,100.0,3000000000,1533845906,1582853175,49007269,912,708,51637.0,6305435777234,6913855018.0,84057516,92168.0,4297838539528605620,4712542258255050,47093393,51637.0,1
0xc0b52b76055c392d67392622ae7737cdb6d42133,1539503437,900000,93.972,2100000000,1539504011,1545744859,6240848,9999,932,62772.0,129475178830731,12948812764.0,1869049548,186923.0,2021043762315694015031,202124588690438445,627657882,62772.0,1
0xc106a08f553486985005f4721ef1611c3798e0be,1622998669,751653,100.0,19000000000,1622998807,1629712216,6713409,14,3,41840.0,352000000000,25142857142.0,1002953,71639.0,0,0,585770,41840.0,1
0xc14777c94229582e5758c5a79b83dde876b9be98,1520436525,1338347,100.0,2000000000,1520942609,1642279183,121336574,7,7,26790.0,804493728037,114927675433.0,979440,139920.0,1369647380000000000,195663911428571428,187536,26790.0,1
0xc1e6e4d9fc0b7e555bb8634bcacc9a1067bec039,1551761363,5055815,100.0,2000000000,1551761552,1559014519,7252967,571,84,100272.0,16415333648162,28748395180.0,171516600,300379.0,140797114880722339825,246579885955730892,57255838,100272.0,1
0xc249fe0288e75e47e62b138de8d020c9fee5a9f5,1536601960,715346,100.0,4000000000,1536610092,1606192504,69582412,3213,1046,51134.0,33695096729579,10487113828.0,326670336,101671.0,167231381763333891955,52048360337172079,164295831,51134.0,1
0xc25ab34E7F3a1eb2C6a3a23DF851F351df0E712A,1523543106,2100000,82.85542857142858,57000000000,1523545020,1523545020,0,1,2,72106.0,4100000000,4100000000.0,111559,111559.0,7000000000000000,7000000000000000,72106,72106.0,1
0xc25ab34e7f3a1eb2c6a3a23df851f351df0e712a,1523543106,2100000,82.85542857142858,57000000000,1523545020,1523545020,0,1,2,72106.0,4100000000,4100000000.0,111559,111559.0,7000000000000000,7000000000000000,72106,72106.0,1
0xc315f677f6a8f7b42d8fb32500e790cbf3dfbce8,1519064724,1337875,100.0,2000000000,1519385791,1529620433,10234642,6,4,46303.0,23000000000,3833333333.0,1303914,217319.0,0,0,277823,46303.0,1
0xc3771d47e2ab5a519e2917e61e23078d0c05ed7f,1599659186,1798172,100.0,154000000000,1599659338,1616024488,16365150,9999,4850,41624.0,1227081327580795,122720404798.0,692738634,69280.0,1794234103711079966,179441354506558,416205004,41624.0,1
0xc4dca8f7d121ad79057a8382fc9fa9898727ddd8,1519063566,1337939,100.0,2000000000,1519386069,1531088748,11702679,7,5,45852.0,78100000000,11157142857.0,1274786,182112.0,0,0,320969,45852.0,1
0xc593e92ed9fd3c2f9db972860047affd2df83ae7,1520114893,1338451,100.0,1000000000,1520267343,1529507826,9240483,7,5,44954.0,30000000000,4285714285.0,1455647,207949.0,0,0,314684,44954.0,1
0xc601f6938c75c4ca03eaad570701d86e607771db,1535640105,311500,100.0,5000000000,1535641612,1536751373,1109761,88,19,69302.0,497320000000,5651363636.0,11066632,125757.0,3651268684300519994,41491689594324090,6098621,69302.0,1
0xc616d99df3bf92e3111090f94694bd662b72ab1d,1519223522,1338323,100.0,2000000000,1519832002,1531092972,11260970,6,5,46293.0,41000000000,6833333333.0,1303978,217329.0,0,0,277759,46293.0,1
0xc8fcf92e0ad8d545bf5709bb5ba2be5fafdfe85b,1635914928,2264723,100.0,135014658163,1635916607,1637347384,1430777,10,8,52432.0,1374528443749,137452844374.0,642124,64212.0,0,0,524321,52432.0,1
0xc94a6e7776bade5da316cf6fd8c751fb0d5c3c5e,1505078198,899684,98.88838747827016,22000000000,1505080275,1529848664,24768389,8,4,36309.0,61000000000,7625000000.0,918643,114830.0,0,0,290473,36309.0,1
0xc9ce70a381910d0a90b30d408cc9c7705ee882de,1599028728,1646288,100.0,480000000000,1599051834,1641690664,42638830,9741,4811,40368.0,1222443527156341,125494664526.0,748613553,76851.0,418172296391488738,42929093151779,393230699,40368.0,1
0xca03cc32bb8063261aa6ff488b89da5b0f8a487e,1598414495,1411756,100.0,78072000000,1598416616,1598445219,28603,6,7,44374.0,426000000000,71000000000.0,292866,48811.0,0,0,266244,44374.0,1
0xcc02b920ae227f1be7d01fc241c27e5f74d40436,1540167739,1152591,100.0,3000000000,1540266081,1540267350,1269,3,2,32372.0,12000000000,4000000000.0,109977,36659.0,0,0,97117,32372.0,1
0xcc1ce5c8763f3046de155926c39bebb0f9365995,1593631512,3912027,66.66666666666666,33000000000,1593631781,1604935458,11303677,14,7,46754.0,524999999998,37499999999.0,1019976,72855.0,0,0,654564,46754.0,1
0xcc7ecc050aab5843c79f14933e207f032bc16b78,1524551532,1949570,100.0,2000000000,1524588125,1525342481,754356,35,5,38005.0,67000000000,1914285714.0,2090150,59718.0,1312000000000000000,37485714285714285,1330180,38005.0,1
0xccffdb4bd0abb6fd105c1c4e03b4e919a5b57ab9,1520392147,1338323,100.0,2000000000,1520392895,1520574868,181973,2,3,33288.0,54000000000,27000000000.0,271000,135500.0,0,0,66576,33288.0,1
0xcd3dc4e19418fe7dad216376ff685760685cee13,1539804220,1175693,100.0,10000000000,1539804658,1539975244,170586,111,25,70995.0,836100000000,7532432432.0,18964186,170848.0,10670100000000000000,96127027027027027,7880467,70995.0,1
0xcd63bb3586e871611cc60befcadf8e56bc7aeea3,1520436436,1338219,100.0,2000000000,1520790007,1521498947,708940,3,3,29244.0,6000000000,2000000000.0,15450054,5150018.0,100000000000000000,33333333333333333,87732,29244.0,1
0xcde98f7fcaaf6d2d3c30ed41e32d40f91aecdb96,1560431573,1744271,100.0,4500000000,1560432200,1560725066,292866,19,13,51258.0,485590311550,25557384818.0,1132533,59607.0,39480704654877861728,2077931823940940090,973908,51258.0,1
0xce7cf36d9b8bcacd4c80024a10aadd8f7d1173a2,1603384103,960646,100.0,80000000000,1603384177,1612850038,9465861,27,20,252844.0,4396000001459,162814814868.0,8041833,297845.0,61178192432466219503,2265858978980230351,6826813,252844.0,1
0xcea855fa322f01f15a965f55cc6cdeadb9ae59f7,1613737204,4712388,24.75976086858722,136500000000,1613737429,1615077253,1339824,63,44,38699.0,9130000000000,144920634920.0,4478864,71093.0,0,0,2438083,38699.0,1
0xcec962222291e09a07c0bd0a110d2211e0358b28,1519303042,1338731,100.0,2000000000,1520103200,1547556347,27453147,17,9,38137.0,301000000000,17705882352.0,2142363,126021.0,300000000000000000,17647058823529411,648343,38137.0,1
0xcee9ee01d48050415f1b104277bd493c5dbe645e,1520345031,1338067,100.0,3000000000,1520345876,1529499989,9154113,6,5,46335.0,28000000000,4666666666.0,1304042,217340.0,0,0,278015,46335.0,1
0xcf1e4c2899ed260dcc68da9bbd986d8ea1c740d9,1598243723,3905767,66.66667520105526,66000000000,1598243926,1598246297,2371,6,6,43266.0,454400000000,75733333333.0,524024,87337.0,0,0,259597,43266.0,1
0xcff5e190a3d92e480a8bc5b414362c0d1afeb54e,1519212894,1338731,100.0,1000000000,1519760190,1529622784,9862594,7,5,42668.0,27000000000,3857142857.0,1553978,221996.0,0,0,298677,42668.0,1
0xd06f80a4b932d7247aba4a85decce6c2458c0654,1520110403,1338043,100.0,1000000000,1520267255,1529609792,9342537,5,4,46411.0,24000000000,4800000000.0,1053914,210782.0,0,0,232055,46411.0,1
0xd22167d083a5cfc2f1ccadeb842a8093b2174c5f,1520114331,1338771,100.0,1000000000,1520267324,1529612123,9344799,5,4,46411.0,23000000000,4600000000.0,1053914,210782.0,0,0,232055,46411.0,1
0xd2d64d3758928a09448d6a865b8bd5f325777876,1607320931,1304046,100.0,21000000000,1607321125,1607347517,26392,6,6,41934.0,239800001794,39966666965.0,306238,51039.0,0,0,251604,41934.0,1
0xd2f4ea2f9d4c627c957305e28877081da9296d47,1520540210,1337875,100.0,2000000000,1521574066,1521711333,137267,2,3,48814.0,7000000000,3500000000.0,403000,201500.0,0,0,97629,48814.0,1
0xd354cf84a4cfd096120e2d4bf0a0cc8866d4efe1,1520117401,1338259,100.0,1000000000,1520267465,1531088530,10821065,6,4,43825.0,35000000000,5833333333.0,1272925,212154.0,0,0,262951,43825.0,1
0xd3ac627abdc1ce6c27c04b37c86e368f754f2995,1540747694,682039,100.0,5000000000,1540747806,1541009313,261507,135,54,157089.0,1977200000000,14645925925.0,48606900,360051.0,116264720550101765099,861220152222976037,21207142,157089.0,1
0xd3ddae456004ed85639a39a9751192e80a967ed4,1529676252,2005346,100.0,4000000000,1529676459,1530294937,618478,24,4,39420.0,184000000000,7666666666.0,1582745,65947.0,32100000000000000000,1337500000000000000,946082,39420.0,1
0xd510d55710f5963d3bf64c74491a886b4670b611,1593514359,3005641,86.62914167061203,57000000000,1593518155,1599358151,5839996,8,8,43568.0,512100000000,64012500000.0,410342,51292.0,0,0,348545,43568.0,1
0xd533a949740bb3306d119cc777fa900ba034cd52,1597270648,1229917,100.0,280000000000,1597271828,1597459829,188001,9999,4695,36673.0,2247115783422662,224734051747.0,922875763,92296.0,11163176000000000000,1116429242924292,366694015,36673.0,1
0xd5b32a25bb674a3fdd5faa0549276e6d192982cf,1593515375,1039948,100.0,67000000000,1593515629,1593516267,638,3,3,46713.0,185000000000,61666666666.0,425753,141917.0,0,0,140140,46713.0,1
0xd5faed37a99373c218a73149f93e47ce1c983dfe,1563141758,292476,63.33032453944939,1000000000,1569837323,1572161218,2323895,110,2,58668.0,1584799956992,14407272336.0,11000000,100000.0,0,0,6453512,58668.0,1
0xd6893da3dd6dc91b4957d2d74737c6726f1033d5,1540796801,685261,100.0,41000000000,1540797672,1540823128,25456,17,9,90439.0,132050000000,7767647058.0,4538807,266988.0,2880842842396209514,169461343670365265,1537476,90439.0,1
0xd6f8668e96951e4108a79bc45ccef022544c73b3,1519046909,1338539,100.0,1000000000,1519386069,1531089410,11703341,6,4,44883.0,28000000000,4666666666.0,1191095,198515.0,0,0,269300,44883.0,1
0xd72ebdf278c092d9cdaa12c58f8bd9438f96b83e,1520116439,1338387,100.0,1000000000,1520267371,1531088223,10820852,5,4,46411.0,31000000000,6200000000.0,1053914,210782.0,0,0,232055,46411.0,1
0xd7bb68b0ce5893983e5a2511b87e083609eb6ff9,1526025895,2005026,100.0,12000000000,1526028359,1558501879,32473520,62,18,42870.0,1161500000000,18733870967.0,4682253,75520.0,181683921000000000000,2930385822580645161,2657978,42870.0,1
0xd84af8766bd29b988f3426cc48cac5a6646f1f90,1519222313,1338451,100.0,2000000000,1519831858,1531090212,11258354,5,5,44693.0,25000000000,5000000000.0,1053914,210782.0,0,0,223468,44693.0,1
0xd8e3fb3b08eba982f2754988d70d57edc0055ae6,1606397986,7000000,11.0276,200000000000,1606407532,1643555552,37148020,6805,4847,48684.0,608283016789143,89387658602.0,457446961,67222.0,1095612580000000000,161001113886847,331301236,48684.0,1
0xd9204db19a18e051e861576a462c0cf83a2b6237,1519182581,1337939,100.0,1000000000,1519752607,1529612513,9859906,6,5,46282.0,23000000000,3833333333.0,1288402,214733.0,0,0,277695,46282.0,1
0xda3145d0a373712e036106fc1fa34b1014807e68,1599191667,1026059,100.0,130000000000,1599191819,1640776214,41584395,502,404,41917.0,70546176432460,140530231937.0,26279890,52350.0,0,0,21042522,41917.0,1
0xdbb6b23520472c5070078cd3e7097b36b001fb57,1537450695,2482819,100.0,7000000000,1537488186,1540919754,3431568,1647,121,93083.0,14410200220145,8749362610.0,499032492,302994.0,142891898452800000010,86758894021129326,153308210,93083.0,1
0xdc3fd5cce7b17e461c692ff34f22fbd4b780b151,1520374925,1338195,100.0,2000000000,1520384770,1520508054,123284,5,3,45038.0,61000000000,12200000000.0,1036861,207372.0,0,0,225194,45038.0,1
0xddff022e4befa69cbb5262446a8ae564700bea24,1520392149,1338707,100.0,2000000000,1520394060,1520394060,0,1,2,45576.0,4000000000,4000000000.0,250000,250000.0,0,0,45576,45576.0,1
0xde5886e65cbf1a9d21267f5ef7d5ed444cc63938,1520440453,1337491,100.0,2000000000,1521573420,1521624338,50918,2,3,48814.0,7000000000,3500000000.0,371000,185500.0,0,0,97629,48814.0,1
0xde97bea954e1f1a102876df225bbb4f014d0c487,1594483944,1013638,100.0,28000000000,1594484039,1594488440,4401,5,6,44234.0,276000000000,55200000000.0,1146184,229236.0,0,0,221171,44234.0,1
0xdef05b512d405f4fb930e252c6c11f054832c93b,1519188110,1338107,100.0,1000000000,1519759946,1575350222,55590276,29,5,27843.0,98940000000,3411724137.0,3213978,110826.0,0,0,807463,27843.0,1
0xdf04e5007cb8fd65831310ceda40f5642c1b39c3,1519224841,1338195,100.0,2000000000,1519832154,1531865420,12033266,5,5,44732.0,25000000000,5000000000.0,1038466,207693.0,0,0,223660,44732.0,1
0xe02f2921742a6eec7ae44a18b1cca4277874bc74,1519169885,1338515,100.0,1000000000,1519752380,1529613118,9860738,6,5,47351.0,44000000000,7333333333.0,1105839,184306.0,0,0,284108,47351.0,1
0xe051ee9bd6270ff52d85ffe09685ee3a9755f04a,1520266045,1338323,100.0,3000000000,1520345727,1531088572,10742845,4,4,46683.0,27000000000,6750000000.0,804042,201010.0,0,0,186735,46683.0,1
0xe06ae5c5ab3eda3a62918bf86532c7d87dbbc66d,1519047473,1338131,100.0,1000000000,1519752013,1529610299,9858286,7,5,46172.0,31000000000,4428571428.0,1522890,217555.0,0,0,323207,46172.0,1
0xe0787aabbd6ee01e55f98647673552885d54eb06,1539291810,2236325,100.0,3000000000,1539603827,1580657091,41053264,198,147,46277.0,2412772402288,12185719203.0,15814306,79870.0,1413159119793766503,7137167271685689,9162918,46277.0,1
0xe0ff829cd4909e8e8680e9e0d9189b479c3bc5b8,1565251454,1744399,100.0,9000000000,1565252006,1566919044,1667038,10,9,55050.0,148000900000,14800090000.0,720912,72091.0,1887021291830338526,188702129183033852,550507,55050.0,1
0xe1358ae1a9130bc458c8021fcbb7ef8aedd51487,1519220027,1338131,100.0,2000000000,1519760102,1529622259,9862157,5,4,46423.0,21000000000,4200000000.0,1022989,204597.0,0,0,232119,46423.0,1
0xe14417012f306b89d0138fed7a04a134c978d5a2,1594430291,1152064,100.0,31000000000,1594430377,1594436857,6480,6,3,40194.0,172100001235,28683333539.0,311964,51994.0,0,0,241168,40194.0,1
0xe1632e7e0dc135f3bc8991b917e8b682ab340fe1,1519221496,1338707,100.0,2000000000,1519831389,1531093044,11261655,5,5,46411.0,37000000000,7400000000.0,1053914,210782.0,0,0,232055,46411.0,1
0xe32da8605e6d4802f9fa9a5e3776c12e06cb93f1,1599460210,786542,100.0,65000000000,1599507391,1599508021,630,3,3,46727.0,256000000000,85333333333.0,211046,70348.0,9758621913405085,3252873971135028,140181,46727.0,1
0xe37742f207b4e51763974687906d31c6cf8150a5,1623773639,676370,100.0,30000000000,1623773806,1639133347,15359541,91,11,207484.0,9390729434764,103194828953.0,28705538,315445.0,100000000000000000000,1098901098901098901,18881049,207484.0,1
0xe3d474f3686a831bf380498d1dbd57fdf972ca30,1554145375,1792193,100.0,2000000000,1554145484,1566901744,12756260,38,10,43881.0,306072295720,8054534097.0,2470596,65015.0,28657852107604939776,754154002831708941,1667494,43881.0,1
0xe45f73dad6af24273b361f02c3749f13c2231080,1606462498,1802993,100.0,35000000000,1606462904,1606553479,90575,22,14,164387.0,913588513330,41526750605.0,13298490,604476.0,0,0,3616520,164387.0,1
0xe460f3e0adc58357ea5e3ac1d839611dee826354,1637976234,2936802,100.0,135000000000,1637976372,1638760057,783685,19,10,47960.0,3029111218616,159426906242.0,1332945,70155.0,0,0,911257,47960.0,1
0xe4815ae53b124e7263f08dcdbbb757d41ed658c6,1606014225,1127555,100.0,43000000000,1606063954,1613614382,7550428,9999,3433,39974.0,1570082618143634,157023964210.0,1609630487,160979.0,10000000000000000,1000100010001,399707268,39974.0,1
0xe4ffd96b5e6d2b6cdb91030c48cc932756c951b5,1595864249,1410397,100.0,192801600000,1595864648,1598775736,2911088,772,168,105886.0,61457463783221,79608113708.0,168491952,218253.0,0,0,81744244,105886.0,1
0xe5caef4af8780e59df925470b050fb23c43ca68c,1564453764,1595748,100.0,6000000000,1564468761,1574564864,10096103,9999,2972,36953.0,123477272323943,12348962128.0,617677833,61773.0,6960000000000000000,696069606960696,369499768,36953.0,1
0xe6b39dad6d7a50b233da23e510697422e9d6351a,1520392149,1338923,100.0,2000000000,1520394545,1520394545,0,1,2,45640.0,4000000000,4000000000.0,250000,250000.0,0,0,45640,45640.0,1
0xe6c51d563f92a23dee9a7093bb1be33bd35c05d8,1519221222,1338643,100.0,2000000000,1519831196,1531090580,11259384,4,4,46635.0,21000000000,5250000000.0,803914,200978.0,0,0,186543,46635.0,1
0xe6d3486a5fe2742e313a3266af8ff4f43e597d27,1519210076,1338067,100.0,2000000000,1519830781,1529614678,9783897,5,4,46411.0,18000000000,3600000000.0,1053914,210782.0,0,0,232055,46411.0,1
0xe7860fd151cbbad28141dfd4cc7cd6d090e4ead8,1542321221,1745103,100.0,41000000000,1542321539,1542352670,31131,8,8,57106.0,1560000000000,195000000000.0,1175624,146953.0,33851432395023064427,4231429049377883053,456848,57106.0,1
0xe824ec0f8384600f3187967f8b098014e31892f2,1520116598,1338067,100.0,1000000000,1520267418,1531088254,10820836,6,5,44851.0,51000000000,8500000000.0,1090327,181721.0,0,0,269108,44851.0,1
0xe8868e87aaa4a0d0751691f9f33b0e5da7127039,1522421277,2651361,100.0,10000000000,1522422840,1585192092,62769252,2903,2462,69160.0,8112368003915,2794477438.0,265480233,91450.0,1989759531010003,685414926286,200772351,69160.0,1
0xe91843ed2071f12cb4d3189742d40668a6ab789d,1611624536,2960782,100.0,70000000000,1611624705,1637422719,25798014,45,26,42454.0,3703180707533,82292904611.0,2919705,64882.0,0,0,1910467,42454.0,1
0xe9ab68e4aa12bf290529626e5f32725cf5abfba8,1520116791,1338667,100.0,1000000000,1520267465,1531088302,10820837,5,4,46500.0,31000000000,6200000000.0,1054042,210808.0,0,0,232503,46500.0,1
0xe9e837881c89e943c4c66e26031922bf8fc3f4f3,1520436389,1338131,100.0,2000000000,1520788841,1520788841,0,1,2,45576.0,4000000000,4000000000.0,250000,250000.0,0,0,45576,45576.0,1
0xe9ee84b3b818b2af67c4536248fbfc5c7a0ccfad,1519220816,1338515,100.0,2000000000,1519831173,1531090657,11259484,4,4,46619.0,21000000000,5250000000.0,803914,200978.0,0,0,186479,46619.0,1
0xea582df503a868b0222da3c849e836b6334e1ef4,1569964820,400000,82.75175,11900000000,1572841018,1641800904,68959886,27,2,35612.0,2411334795038,89308696112.0,2800000,103703.0,0,0,961537,35612.0,1
0xea7e05cb00b2430b486a2b866d4bb8adcf0eba64,1560354158,1745359,100.0,4500000000,1560354585,1569365807,9011222,14,10,52425.0,138568681420,9897762958.0,907042,64788.0,20680069995000000000,1477147856785714285,733961,52425.0,1
0xeb411d5df13ac7020992306e78955fb7cba5f260,1556613255,1744591,100.0,4000000000,1556613454,1556810444,196990,9,8,53873.0,77775000000,8641666666.0,571800,63533.0,2426631855500000000,269625761722222222,484857,53873.0,1
0xeda0785ebbba90bf1ac4a1cc07fbf9c9452c0db8,1635863922,983368,100.0,196319198990,1635867105,1635885315,18210,10,2,45901.0,2014092365369,201409236536.0,700239,70023.0,0,0,459018,45901.0,1
0xedc702ed96accae315a0f1e8fa2d5a6bc4feea69,1528726552,2005474,100.0,3000000000,1528727109,1528957705,230596,37,12,43902.0,528000000000,14270270270.0,3551035,95973.0,105729000000000000000,2857540540540540540,1624388,43902.0,1
0xeead01fc953aea34212d56014aa61ead16e76d4d,1544986537,936678,100.0,100000000000,1545003342,1547352279,2348937,29,15,48030.0,1004996250000,34655043103.0,2766082,95382.0,1782608276080000000,61469250899310344,1392879,48030.0,1
0xf0a924661b0263e5ce12756d07f45b8668c53380,1500915704,1454332,83.33331041330315,20000000000,1500916144,1530174866,29258722,704,467,101415.0,17245812369803,24496892570.0,143676145,204085.0,1213887393874270060501,1724271866298679063,71396780,101415.0,1
0xf1014a29614b196d19d8ecd5ff05f3cef5efdbe2,1520374793,1338387,100.0,2000000000,1520378319,1520378319,0,1,2,45576.0,4000000000,4000000000.0,250000,250000.0,0,0,45576,45576.0,1
0xf193a9afb00715aacf7ca9ebffafe02c77517c2e,1540941173,1267632,100.0,5000000000,1541107341,1596607961,55500620,21,3,45826.0,213940000256,10187619059.0,2391980,113903.0,0,0,962354,45826.0,1
0xf245e09a1b42f847b120558f0c6e08f821be23f7,1520110205,1338643,100.0,1000000000,1520267199,1529608732,9341533,6,5,46271.0,25000000000,4166666666.0,1272989,212164.0,0,0,277631,46271.0,1
0xf2601c5a063c6a6ca86d8b6bd0543158f83a10ce,1519052181,1338299,100.0,2000000000,1519752085,1531089438,11337353,7,4,43128.0,31000000000,4428571428.0,1440455,205779.0,0,0,301897,43128.0,1
0xf2bad87c0d0ea8bda69c722368df4f79d92ee6c9,1520776757,928299,100.0,3000000000,1520781159,1582918355,62137196,680,542,52367.0,3585825749888,5273273161.0,51042372,75062.0,624261911810999999,918032223251470,35609846,52367.0,1
0xf2effc1cd320ff062bae8649d150dbea3cb6b189,1540921161,1753158,100.0,5000000000,1540923931,1616023867,75099936,68,8,49694.0,582771191296,8570164577.0,9685534,142434.0,0,0,3379203,49694.0,1
0xf31b4f7550833a746f788b36f2b292e5fa49a248,1540997596,612055,100.0,60000000000,1541015855,1569674713,28658858,26,16,49562.0,906300000000,34857692307.0,2128956,81882.0,3114000000000000000,119769230769230769,1288628,49562.0,1
0xf689bb4b063683a9ffd7a9295106f1e47c095809,1520374558,1338067,100.0,2000000000,1520378423,1530058461,9680038,7,3,43460.0,14000000000,2000000000.0,1490000,212857.0,0,0,304224,43460.0,1
0xf8c3527cc04340b208c854e985240c02f7b7793f,1599843287,8000000,13.965075,300000000000,1599843629,1605537622,5693993,9999,3921,39760.0,1566799919155424,156695661481.0,775943112,77602.0,37177120510500000000,3718083859435943,397569450,39760.0,1
0xf8d270220168620afd771e1bdb592e116cc8df19,1605674968,542806,100.0,89000000000,1605677346,1606115336,437990,88,13,197747.0,5173695683022,58791996397.0,25555952,290408.0,650585144885805647241,7393013010065973264,17401791,197747.0,1
0xf8f04b23dace12841343ecf0e06124354515cc42,1540656465,684451,100.0,4000000000,1540657696,1540744814,87118,348,98,91725.0,3938200000000,11316666666.0,95773185,275210.0,168955575084143895026,485504526103861767,31920639,91725.0,1
0xf91446ead6aadd4321602b5790a6db4d6f2a1930,1536514651,1495148,100.0,4000000000,1536553960,1536553960,0,1,2,62104.0,3000000000,3000000000.0,62104,62104.0,200000000000000,200000000000000,62104,62104.0,1
0xfad05ee13c8e0ec94e5ee9dc056dc451b2ad6b1d,1535822905,1317315,100.0,5000000000,1535833841,1636023110,100189269,816,126,43710.0,6685593794575,8193129650.0,104854290,128497.0,496988330000000000000,609054325980392156,35667978,43710.0,1
0xfb5c7aa982ebced4384eec4d5e732a28759ebdf8,1613217495,407167,100.0,140000000000,1613829187,1614883856,1054669,3,2,36493.0,435935001728,145311667242.0,232711,77570.0,0,0,109479,36493.0,1
0xfb6e71e0800bccc0db8a9cf326fe3213ca1a0ea0,1529228634,500048,100.0,1000000000,1529278381,1555110447,25832066,3,4,21966.0,12000000000,4000000000.0,106968,35656.0,1001000000000000000,333666666666666666,65899,21966.0,1
0xfe75aee72700ff0e0742c00d12acf2724827fa00,1607558032,1304042,100.0,41000000000,1607558105,1607561101,2996,8,7,43465.0,323081431885,40385178985.0,397484,49685.0,0,0,347723,43465.0,1
0xff35866acb80ce4b169d1460cd48108955c1c445,1520437336,1338603,100.0,2000000000,1520943011,1582740769,61797758,2,3,33343.0,26000000000,13000000000.0,282000,141000.0,0,0,66686,33343.0,1
0xff7c3b7f4e4260097a33c9dcc291b9d1baf2edb5,1602727752,751305,100.0,42000000000,1602727771,1604031114,1303343,52,27,78353.0,3087550012943,59375961787.0,5989874,115189.0,0,0,4074386,78353.0,1
